CustomerID,Recency,Frequency,Monetary
12747.0,2,11,3073.41
12748.0,1,203,26279.22
12749.0,4,5,4032.98
12820.0,3,4,923.62
12821.0,214,1,92.72
12822.0,71,2,806.08
12824.0,60,1,397.12
12826.0,3,7,1460.8
12827.0,6,3,430.15000000000003
12828.0,3,6,1018.71
12829.0,337,2,221.0
12831.0,262,1,150.25
12832.0,32,2,383.03
12833.0,145,1,417.38
12834.0,283,1,312.38
12836.0,59,4,2518.27
12837.0,173,1,134.1
12838.0,34,2,683.13
12839.0,3,14,5287.57
12840.0,144,4,2726.77
12841.0,5,25,3628.69
12842.0,70,2,738.51
12843.0,66,8,1608.54
12844.0,29,2,325.96000000000004
12845.0,269,2,71.79
12847.0,22,1,700.54
12849.0,31,2,878.49
12851.0,97,1,135.18
12852.0,295,1,311.55
12853.0,135,6,1743.9
12854.0,79,3,1189.3
12855.0,373,1,38.1
12856.0,8,6,2139.13
12857.0,211,2,1106.4
12863.0,52,1,109.2
12864.0,138,1,10.2
12867.0,26,7,3720.42
12868.0,186,6,1607.0600000000002
12871.0,84,2,135.84
12872.0,327,2,562.47
12873.0,282,1,68.0
12877.0,4,12,1512.6100000000001
12878.0,236,2,854.99
12879.0,45,3,220.66
12881.0,276,1,298.0
12882.0,9,2,995.4
12883.0,25,4,703.47
12884.0,88,1,309.05
12885.0,63,3,1175.22
12886.0,68,2,1319.96
12888.0,214,2,354.12
12890.0,24,1,373.63
12893.0,31,1,188.14
12895.0,42,2,372.8
12897.0,205,2,100.50000000000001
12901.0,10,15,1315.35
12902.0,265,1,138.68
12904.0,18,2,478.83
12906.0,12,5,1190.17
12909.0,40,5,1802.6299999999999
12910.0,23,8,2297.02
12912.0,8,4,834.66
12913.0,5,5,1118.45
12915.0,149,2,363.65
12916.0,139,4,2475.75
12919.0,8,6,1227.91
12920.0,17,1,150.19
12921.0,9,37,13833.57
12922.0,161,1,377.3
12923.0,64,1,176.97
12924.0,88,4,664.9
12925.0,5,2,680.13
12928.0,35,5,1739.74
12929.0,312,1,117.85
12930.0,78,2,402.36
12931.0,67,2,48.160000000000004
12933.0,24,3,508.07
12935.0,2,7,2005.9
12936.0,17,3,911.9
12937.0,15,4,1279.8700000000001
12938.0,26,1,100.22
12939.0,335,1,81.36
12940.0,55,2,904.42
12942.0,131,3,683.9
12944.0,36,2,604.51
12945.0,288,1,404.95
12947.0,144,5,1534.99
12948.0,16,7,2032.31
12949.0,31,8,4084.82
12950.0,8,2,284.2
12951.0,9,6,1064.07
12952.0,6,4,1327.31
12953.0,10,1,329.85
12955.0,1,11,3379.66
12956.0,306,1,108.07
12957.0,10,8,3949.54
12962.0,7,2,266.39
12963.0,8,8,1837.91
12965.0,89,1,771.91
12966.0,10,1,160.18
12967.0,358,2,966.7
12968.0,112,1,135.95
12970.0,7,4,437.12
12971.0,4,80,5895.280000000001
12974.0,198,1,144.8
12976.0,212,1,303.6
12977.0,156,1,39.239999999999995
12980.0,158,8,4962.900000000001
12981.0,30,2,372.21999999999997
12982.0,243,1,376.5
12984.0,19,1,97.5
12985.0,1,2,1048.82
12987.0,74,2,558.7
12988.0,292,1,535.32
12989.0,3,10,1719.23
12990.0,31,3,351.0
12991.0,23,2,461.26
12993.0,23,4,414.76
12994.0,4,3,974.4200000000001
12997.0,22,4,1035.49
12999.0,196,3,401.28
13000.0,260,2,439.81
13001.0,4,13,5176.0
13002.0,318,1,120.94999999999999
13003.0,151,2,89.05000000000001
13004.0,12,18,5494.11
13005.0,174,2,513.7
13006.0,56,1,81.57
13008.0,323,1,229.46999999999997
13011.0,372,1,50.550000000000004
13012.0,9,8,1647.8
13013.0,1,13,4654.1
13014.0,11,10,3387.08
13015.0,53,5,3321.68
13016.0,73,3,789.89
13018.0,16,28,6974.82
13021.0,4,9,2358.26
13023.0,64,2,675.86
13026.0,1,4,341.88
13028.0,23,2,613.4399999999999
13029.0,31,2,865.0
13030.0,11,2,799.48
13032.0,52,2,1010.18
13033.0,357,1,190.55
13034.0,55,2,642.77
13035.0,74,2,349.20000000000005
13037.0,138,3,881.07
13038.0,80,3,908.46
13040.0,9,2,676.99
13043.0,273,1,327.3
13044.0,291,1,560.47
13045.0,99,1,305.28000000000003
13046.0,31,2,629.31
13047.0,32,10,3183.46
13048.0,14,4,1835.91
13049.0,64,2,479.08
13050.0,15,17,5524.38
13052.0,212,1,295.05
13055.0,78,3,1173.61
13058.0,25,3,271.40000000000003
13059.0,250,1,183.4
13060.0,254,1,307.53
13061.0,72,1,248.61
13062.0,191,1,286.5
13064.0,13,4,1084.57
13065.0,373,1,205.86
13066.0,24,2,470.8
13067.0,82,1,115.46000000000001
13069.0,1,24,3593.52
13070.0,192,1,228.8
13072.0,267,1,177.15
13075.0,130,1,477.21
13077.0,1,4,654.0600000000001
13078.0,3,26,8503.34
13079.0,4,5,220.10000000000002
13080.0,179,1,58.08
13081.0,12,10,20507.58
13082.0,126,9,1331.71
13083.0,4,2,303.75
13085.0,158,2,315.28000000000003
13089.0,3,89,43423.03
13090.0,9,14,6101.22
13091.0,28,1,281.08
13092.0,71,5,469.51
13093.0,276,8,4322.27
13094.0,206,2,106.2
13095.0,71,1,60.48
13097.0,33,10,5764.9
13098.0,1,27,12990.48
13101.0,234,1,75.45
13102.0,1,24,5689.09
13103.0,40,1,243.94
13104.0,3,4,570.48
13106.0,133,1,76.5
13107.0,44,4,1141.5
13108.0,373,1,197.29999999999998
13109.0,60,2,779.7
13110.0,31,7,1488.67
13113.0,1,24,5810.54
13115.0,12,4,2108.96
13116.0,138,1,501.14
13117.0,22,8,932.35
13118.0,20,5,1197.81
13120.0,239,1,30.599999999999998
13121.0,269,1,268.61
13122.0,240,1,884.95
13124.0,90,3,3465.33
13126.0,5,8,1961.52
13127.0,78,1,259.17
13130.0,94,1,64.0
13131.0,23,3,996.8
13132.0,262,1,77.3
13133.0,274,2,109.8
13134.0,86,4,1720.14
13136.0,56,5,2607.61
13137.0,11,8,3636.4900000000002
13138.0,22,6,962.39
13139.0,16,7,3482.64
13140.0,108,3,423.72
13141.0,85,5,2348.43
13142.0,19,1,245.77
13144.0,333,1,110.95
13145.0,40,4,592.6
13146.0,26,1,228.91
13147.0,43,2,237.60000000000002
13148.0,29,12,3590.62
13149.0,14,4,1463.18
13151.0,296,1,1227.27
13153.0,6,1,140.46
13155.0,33,4,971.76
13157.0,49,4,1515.98
13158.0,95,4,1193.5
13159.0,9,4,1412.29
13160.0,22,1,91.8
13161.0,313,1,112.75
13162.0,122,4,1195.95
13165.0,46,2,349.28
13166.0,283,1,417.2
13167.0,19,4,625.61
13168.0,36,4,1319.19
13169.0,64,2,661.1
13170.0,27,1,109.17
13171.0,22,3,468.41
13173.0,4,2,340.21
13174.0,16,3,2758.44
13176.0,46,1,398.88
13177.0,65,1,282.45
13178.0,26,11,4760.55
13182.0,45,1,121.18
13183.0,8,9,1278.78
13184.0,15,10,1484.21
13185.0,268,1,71.4
13186.0,40,3,1562.77
13187.0,337,1,236.02
13188.0,11,1,114.60000000000001
13189.0,19,2,167.28
13192.0,95,2,911.94
13193.0,61,1,117.88
13194.0,136,1,60.7
13196.0,11,4,1797.78
13198.0,10,6,3342.8
13199.0,8,21,3733.6
13200.0,19,4,726.57
13203.0,10,4,848.58
13207.0,15,2,250.26000000000002
13208.0,59,6,1178.9
13209.0,30,7,5269.01
13210.0,94,1,293.0
13211.0,10,3,483.42
13212.0,20,3,788.08
13213.0,57,5,1338.58
13216.0,268,1,10.5
13217.0,122,1,52.02
13218.0,127,1,56.76
13220.0,78,4,819.2900000000001
13221.0,240,2,847.41
13223.0,200,1,62.4
13224.0,60,2,1892.92
13226.0,273,1,108.21000000000001
13227.0,202,1,257.7
13229.0,226,1,160.95
13230.0,4,14,2748.29
13232.0,13,7,1291.36
13233.0,74,2,477.2
13235.0,212,1,955.47
13236.0,24,2,695.53
13238.0,23,3,596.73
13239.0,262,1,292.12
13240.0,96,4,663.65
13242.0,112,3,270.40000000000003
13243.0,203,1,600.07
13244.0,93,1,121.74000000000001
13245.0,51,1,430.5
13246.0,18,6,927.76
13247.0,18,4,474.72
13248.0,125,2,446.96
13249.0,93,1,127.73
13253.0,157,2,419.96
13255.0,9,2,309.51
13258.0,12,3,558.98
13259.0,62,1,292.32
13260.0,61,1,380.92
13261.0,269,2,772.5
13262.0,263,1,200.29
13263.0,1,35,7201.45
13265.0,53,5,1497.6200000000001
13266.0,11,12,2442.06
13267.0,3,19,4417.49
13268.0,18,10,2918.15
13269.0,1,15,4754.51
13271.0,37,1,217.38
13272.0,31,2,276.56
13273.0,113,1,128.54
13276.0,64,2,590.9300000000001
13277.0,16,3,159.4
13278.0,41,1,474.81
13279.0,78,1,137.75
13280.0,122,3,807.3
13282.0,18,3,1132.14
13283.0,60,2,93.66
13284.0,331,1,201.19
13285.0,23,4,2709.12
13291.0,156,1,361.11
13292.0,39,2,548.6999999999999
13294.0,190,2,873.74
13295.0,360,1,201.20000000000002
13296.0,137,1,87.4
13297.0,8,4,1658.09
13298.0,1,1,90.0
13299.0,268,1,142.5
13300.0,169,1,371.89
13301.0,104,4,587.49
13302.0,155,1,63.75
13304.0,351,1,275.7
13305.0,4,10,1592.86
13307.0,120,1,15.0
13308.0,23,3,1175.63
13309.0,7,5,1399.73
13310.0,28,3,1132.03
13311.0,4,2,488.57000000000005
13313.0,22,5,1475.1200000000001
13314.0,2,3,775.94
13316.0,37,4,685.49
13317.0,66,6,2232.88
13318.0,1,3,531.44
13319.0,5,26,10179.79
13320.0,78,4,1548.7
13321.0,86,1,259.04
13322.0,17,1,199.48000000000002
13323.0,3,5,583.85
13324.0,36,9,2283.75
13325.0,82,1,471.3
13327.0,39,8,2763.27
13328.0,316,1,235.68
13329.0,32,2,443.87999999999994
13330.0,93,3,1005.3299999999999
13332.0,14,1,350.9
13334.0,82,3,3455.2200000000003
13336.0,77,1,781.2
13338.0,158,1,447.42
13339.0,201,1,860.12
13340.0,45,6,2440.96
13341.0,261,1,775.85
13343.0,178,1,353.43
13344.0,68,3,2543.72
13345.0,288,1,389.5
13347.0,70,1,198.79999999999998
13348.0,64,1,233.76
13349.0,11,1,247.32
13350.0,16,2,979.12
13351.0,66,1,373.94
13352.0,60,1,397.97999999999996
13354.0,71,1,701.41
13355.0,122,1,633.9
13356.0,80,1,768.24
13357.0,257,1,569.15
13358.0,269,1,420.31
13359.0,64,1,439.56
13362.0,9,4,3029.14
13363.0,18,2,959.74
13364.0,71,1,134.95999999999998
13365.0,34,2,2225.37
13368.0,257,2,609.48
13369.0,366,1,268.28000000000003
13370.0,372,1,740.95
13372.0,90,1,378.64
13373.0,61,3,3165.67
13375.0,89,1,657.9300000000001
13376.0,99,3,1019.76
13379.0,26,3,572.56
13381.0,32,6,3519.55
13382.0,281,1,222.99
13384.0,31,7,3150.91
13385.0,330,1,534.57
13388.0,131,2,677.1
13389.0,11,3,797.96
13390.0,75,1,424.08
13391.0,204,1,59.8
13394.0,2,8,2030.54
13395.0,185,1,299.08
13396.0,29,2,1178.0900000000001
13397.0,73,5,1381.41
13398.0,192,1,443.42
13402.0,127,2,621.23
13403.0,18,1,30.0
13404.0,1,2,252.49
13405.0,74,3,572.451
13408.0,2,53,10926.1
13410.0,24,4,588.34
13411.0,107,1,213.55
13414.0,134,2,568.5
13416.0,44,2,712.5
13417.0,5,2,640.83
13418.0,12,18,5530.61
13419.0,64,1,221.06
13420.0,150,2,159.85
13421.0,40,2,1588.04
13422.0,64,1,2574.1
13425.0,108,3,1157.65
13426.0,1,10,3098.12
13427.0,19,3,465.24
13428.0,10,1,218.47
13429.0,11,4,829.44
13430.0,19,2,642.25
13431.0,67,2,1003.9
13434.0,74,2,179.04000000000002
13435.0,5,7,2114.16
13436.0,2,1,196.89
13437.0,14,7,3204.06
13439.0,255,1,273.27
13441.0,92,1,195.36
13447.0,23,3,1129.14
13448.0,17,6,3389.53
13449.0,24,1,291.88
13450.0,27,6,1272.48
13451.0,26,5,2925.15
13452.0,259,2,590.0
13453.0,166,2,356.97999999999996
13455.0,25,2,1058.34
13456.0,18,6,1351.72
13458.0,7,14,7949.17
13460.0,29,2,183.44
13461.0,39,3,329.8
13462.0,253,1,151.5
13464.0,58,1,674.68
13466.0,184,1,243.1
13467.0,11,2,1083.71
13468.0,2,37,5035.49
13470.0,99,2,165.0
13471.0,1,4,2500.38
13473.0,61,2,412.56
13474.0,236,1,229.59
13475.0,191,4,1355.46
13476.0,179,2,1197.67
13477.0,38,6,1412.34
13479.0,201,2,300.95
13481.0,46,5,1763.76
13482.0,232,1,184.64
13483.0,66,1,140.34
13484.0,241,1,313.8
13485.0,233,1,430.84
13486.0,78,3,1114.85
13487.0,58,3,575.4
13488.0,17,13,8222.03
13489.0,105,3,175.44
13491.0,52,10,1189.54
13494.0,312,1,296.1
13495.0,8,5,1716.07
13496.0,11,2,653.33
13497.0,283,2,348.05
13499.0,18,5,662.99
13500.0,23,3,1122.25
13502.0,17,3,292.0
13503.0,71,1,216.85
13504.0,64,1,295.93
13506.0,316,2,421.2
13507.0,3,4,2420.96
13508.0,244,1,110.97
13509.0,9,6,677.6800000000001
13510.0,1,4,1722.92
13512.0,261,1,251.21
13513.0,127,1,145.1
13514.0,74,1,152.20000000000002
13515.0,73,4,891.12
13516.0,21,3,635.41
13517.0,60,3,2080.54
13518.0,86,1,645.52
13519.0,78,1,122.75
13521.0,1,3,1093.65
13522.0,30,1,125.80000000000001
13523.0,33,5,3573.08
13524.0,41,5,610.94
13525.0,15,1,113.9
13527.0,34,7,2209.15
13529.0,79,2,307.76
13531.0,205,2,483.8
13532.0,34,1,210.31
13533.0,183,3,270.79
13534.0,2,25,5870.08
13536.0,1,7,2777.86
13538.0,43,7,1280.85
13539.0,86,3,617.4200000000001
13544.0,40,2,291.41
13546.0,12,3,626.99
13548.0,96,2,621.39
13549.0,26,7,897.4
13551.0,319,1,91.80000000000001
13552.0,66,12,2988.65
13555.0,74,4,2602.94
13557.0,28,2,524.06
13558.0,6,4,605.06
13560.0,7,1,174.37
13561.0,216,1,60.26
13562.0,82,3,1780.6100000000001
13563.0,84,2,684.23
13564.0,144,3,1707.98
13565.0,19,2,240.22
13566.0,41,2,874.71
13568.0,173,1,192.85
13569.0,17,2,373.75
13570.0,243,1,239.49
13571.0,13,12,2077.82
13572.0,206,1,821.13
13573.0,50,2,271.36
13575.0,23,5,732.0699999999999
13576.0,10,17,2032.66
13577.0,25,4,1687.6000000000001
13579.0,15,2,426.24
13581.0,309,1,118.0
13583.0,156,1,710.95
13584.0,307,1,142.4
13587.0,64,1,533.4
13588.0,16,9,2382.71
13589.0,15,2,379.65
13590.0,11,6,1443.0
13591.0,65,3,1117.13
13592.0,36,4,247.95999999999998
13593.0,108,5,2037.0800000000002
13594.0,53,1,396.97
13596.0,6,2,697.04
13598.0,47,1,180.17000000000002
13599.0,1,21,4252.11
13600.0,312,1,167.02
13601.0,45,2,663.08
13602.0,65,1,398.65000000000003
13603.0,26,1,164.34
13606.0,29,2,179.92
13607.0,40,1,678.01
13610.0,12,7,1131.88
13611.0,89,3,1005.96
13614.0,24,4,1610.46
13615.0,319,1,417.69
13617.0,40,3,514.54
13618.0,174,1,154.54
13621.0,117,1,209.85
13623.0,31,5,693.7
13626.0,253,1,257.23
13627.0,59,5,1348.43
13629.0,143,1,336.36
13630.0,5,7,949.74
13631.0,100,6,492.5
13632.0,25,5,2033.91
13634.0,33,5,1575.16
13635.0,68,1,1071.03
13636.0,37,5,942.28
13637.0,52,3,810.5
13638.0,16,1,122.64
13639.0,74,1,646.34
13642.0,216,1,354.8
13643.0,31,3,519.44
13644.0,16,4,2365.54
13645.0,120,1,50.5
13647.0,10,4,1413.02
13649.0,257,2,346.6
13650.0,17,6,1836.34
13651.0,35,2,94.2
13652.0,46,3,1067.24
13654.0,43,6,2538.87
13655.0,114,2,900.57
13656.0,165,2,339.69
13657.0,11,2,336.0
13658.0,10,5,2625.25
13659.0,206,2,1451.52
13662.0,86,3,874.36
13663.0,179,1,189.47
13666.0,60,3,84.65
13667.0,149,1,305.02
13668.0,3,21,4844.31
13669.0,51,2,172.95
13670.0,75,1,349.7
13672.0,301,2,186.39000000000001
13673.0,19,2,396.92
13675.0,151,2,473.38
13678.0,152,1,72.56
13680.0,1,4,2196.94
13681.0,18,4,827.83
13682.0,187,1,59.5
13684.0,286,1,67.23
13685.0,3,4,20.92
13686.0,183,1,72.0
13689.0,63,1,15.0
13690.0,59,1,172.25
13692.0,25,3,843.44
13694.0,4,20,3371.0099999999998
13695.0,31,13,1709.53
13697.0,39,1,151.29999999999998
13699.0,155,1,308.58000000000004
13700.0,26,10,1865.1200000000001
13703.0,318,1,99.5
13704.0,5,9,2259.1
13705.0,8,3,657.78
13706.0,303,1,330.79
13707.0,267,2,746.41
13708.0,271,1,282.96
13709.0,4,13,5684.85
13710.0,32,1,94.56
13711.0,219,2,252.06
13712.0,247,1,88.2
13715.0,281,5,1065.9
13716.0,269,1,138.28
13717.0,32,6,1219.97
13718.0,246,2,296.55
13719.0,15,5,931.16
13720.0,117,4,720.7
13721.0,36,1,524.14
13722.0,132,3,2314.9300000000003
13723.0,217,1,199.85000000000002
13725.0,50,8,1943.1200000000001
13726.0,39,2,429.11999999999995
13727.0,29,2,333.48
13728.0,37,6,1016.14
13730.0,136,2,729.1999999999999
13731.0,219,2,610.59
13732.0,28,1,491.86
13735.0,25,4,2818.04
13736.0,5,2,731.9
13737.0,200,1,265.65
13739.0,18,1,125.10000000000001
13740.0,241,1,266.51
13741.0,72,3,668.4300000000001
13742.0,17,12,3103.06
13743.0,3,7,805.1999999999999
13744.0,95,2,1051.6
13745.0,162,1,241.35999999999999
13747.0,374,1,79.6
13748.0,96,4,438.25
13750.0,54,3,387.98
13751.0,288,1,131.25
13752.0,124,6,867.44
13753.0,288,1,710.66
13754.0,152,2,173.39999999999998
13755.0,4,9,2083.95
13756.0,2,13,2979.44
13758.0,12,7,2201.59
13759.0,33,2,501.49
13760.0,54,2,286.79
13761.0,50,2,1070.65
13762.0,219,1,133.2
13763.0,63,1,308.40000000000003
13764.0,71,3,1521.76
13767.0,2,37,9986.460000000001
13769.0,2,10,2355.87
13771.0,64,4,2330.9700000000003
13772.0,34,3,1132.13
13774.0,82,1,345.0
13777.0,9,20,3356.44
13778.0,103,1,178.7
13780.0,7,2,274.21
13781.0,251,1,127.84
13782.0,13,6,898.56
13784.0,113,5,511.71
13786.0,367,1,148.8
13787.0,76,2,269.8
13790.0,4,1,236.84
13792.0,66,2,195.55
13798.0,8,24,2580.11
13799.0,117,2,688.86
13800.0,310,1,558.32
13801.0,67,1,324.8
13802.0,139,3,1541.02
13803.0,255,1,277.07
13804.0,31,7,2533.19
13806.0,64,1,256.38
13807.0,367,1,112.6
13808.0,6,5,1490.26
13819.0,302,3,650.25
13821.0,145,2,385.64
13822.0,6,2,504.09999999999997
13823.0,19,2,865.86
13824.0,33,5,1301.06
13826.0,176,1,189.5
13827.0,58,3,412.05
13828.0,22,1,168.45
13831.0,16,5,1036.47
13832.0,19,1,52.199999999999996
13833.0,159,1,384.8
13835.0,25,4,834.57
13837.0,212,2,226.24
13838.0,6,4,691.73
13842.0,59,9,3311.1
13844.0,11,1,361.62
13845.0,65,1,157.86
13846.0,25,3,865.0600000000001
13849.0,52,2,1537.95
13850.0,129,1,1595.48
13851.0,96,3,1606.98
13853.0,57,1,971.7
13854.0,9,24,5991.12
13856.0,169,3,120.3
13858.0,57,1,216.17
13859.0,326,1,201.16
13860.0,1,5,1236.78
13862.0,18,8,2182.96
13863.0,248,1,305.78
13865.0,58,4,501.56
13866.0,74,1,145.67000000000002
13867.0,31,3,1015.29
13868.0,39,1,488.82
13869.0,123,4,3074.35
13870.0,2,8,2008.44
13871.0,23,13,6198.05
13873.0,120,3,389.6
13874.0,358,1,458.85
13875.0,54,5,1568.8700000000001
13876.0,64,1,122.7
13877.0,86,1,17.4
13878.0,55,1,1253.69
13880.0,21,13,3189.53
13881.0,18,13,3553.76
13882.0,3,5,1010.69
13883.0,11,5,2592.88
13884.0,7,5,718.3000000000001
13885.0,189,2,506.8
13886.0,71,1,243.56
13887.0,204,1,349.55
13888.0,120,2,605.63
13889.0,93,1,416.90000000000003
13890.0,1,10,1883.8100000000002
13892.0,27,4,410.01
13893.0,298,1,372.3
13894.0,24,2,443.3
13895.0,28,4,2243.4700000000003
13897.0,50,1,311.16
13898.0,326,1,155.93
13899.0,16,2,388.52
13900.0,183,3,638.95
13901.0,72,5,2644.48
13904.0,37,2,332.64
13908.0,80,4,2097.35
13911.0,144,8,2064.91
13914.0,12,2,617.33
13917.0,50,2,272.04
13918.0,50,2,585.0
13922.0,352,1,159.65
13923.0,54,1,351.13
13924.0,2,6,1698.75
13925.0,93,4,645.05
13926.0,23,1,223.85000000000002
13927.0,75,1,348.99
13928.0,11,4,464.57
13929.0,169,2,444.65
13930.0,58,2,337.34
13931.0,96,2,956.13
13932.0,295,1,307.4
13933.0,109,2,608.7900000000001
13934.0,264,1,922.1
13936.0,180,1,369.74
13937.0,169,1,128.25
13938.0,35,1,71.66
13939.0,23,3,491.87
13940.0,17,4,778.66
13941.0,22,5,1556.88
13946.0,79,3,57.33
13947.0,65,1,90.6
13948.0,361,1,102.0
13949.0,3,6,2119.84
13950.0,11,4,663.46
13951.0,176,3,613.49
13952.0,218,2,3109.511
13953.0,7,2,265.68
13954.0,1,2,439.92
13955.0,154,2,322.96
13956.0,5,5,962.29
13959.0,79,3,598.2
13960.0,21,2,230.22
13962.0,22,2,169.55
13963.0,308,4,589.42
13967.0,146,1,35.7
13969.0,7,18,7410.3
13971.0,19,8,2596.26
13972.0,71,2,190.25
13973.0,287,1,264.7
13974.0,49,1,413.59000000000003
13975.0,31,6,2452.84
13976.0,207,1,339.26
13978.0,15,2,132.53
13979.0,73,1,869.87
13980.0,60,1,181.58
13982.0,39,4,1480.25
13983.0,40,11,2392.95
13984.0,27,4,277.43
13985.0,4,15,6895.13
13986.0,17,1,186.06
13988.0,20,6,3892.12
13989.0,66,2,524.56
13990.0,213,1,292.58
13991.0,12,6,724.93
13992.0,30,1,76.8
13993.0,43,9,3262.36
13994.0,4,6,2282.54
13995.0,15,5,1393.69
13999.0,10,12,3748.41
14000.0,211,1,262.2
14001.0,46,3,992.4
14002.0,134,2,462.05
14004.0,43,7,3657.06
14005.0,10,5,1713.9
14006.0,116,3,519.55
14009.0,198,2,695.61
14012.0,278,1,328.8
14013.0,110,3,435.58
14014.0,77,1,304.42
14015.0,53,1,607.62
14019.0,47,3,1040.4099999999999
14020.0,17,2,628.76
14021.0,155,3,631.9
14022.0,225,1,396.8
14023.0,7,2,560.6700000000001
14024.0,122,2,327.7
14027.0,61,1,104.82
14029.0,63,2,417.66
14030.0,18,8,2349.65
14031.0,7,17,9139.960000000001
14032.0,2,11,2446.5099999999998
14034.0,22,3,480.52
14035.0,29,5,1008.42
14036.0,285,1,626.65
14037.0,176,2,147.20000000000002
14038.0,78,3,1560.38
14039.0,33,1,82.6
14040.0,41,12,3140.86
14041.0,266,1,141.41
14044.0,27,4,652.82
14046.0,284,1,47.71
14047.0,9,5,1015.45
14048.0,305,1,399.85
14049.0,17,4,5279.94
14050.0,32,2,746.36
14051.0,1,23,11962.51
14052.0,20,1,225.36
14053.0,160,1,41.75
14054.0,65,1,92.46
14055.0,106,1,241.04
14056.0,1,23,8167.85
14057.0,24,16,4493.42
14059.0,267,1,132.6
14060.0,5,16,2714.02
14062.0,10,9,2340.89
14064.0,29,5,811.1
14066.0,267,1,152.55
14067.0,64,2,326.94
14068.0,320,1,265.85
14071.0,4,8,1420.28
14073.0,32,1,151.04
14075.0,5,3,792.14
14076.0,129,1,122.47
14077.0,41,5,413.5
14078.0,102,6,1049.37
14079.0,125,1,189.1
14080.0,33,1,45.599999999999994
14081.0,302,2,919.4
14082.0,365,1,158.85
14083.0,4,8,1004.03
14085.0,2,18,4205.3
14087.0,3,1,188.12
14088.0,10,13,27597.28
14089.0,57,1,129.8
14092.0,8,14,4058.01
14093.0,12,1,420.89
14096.0,4,17,61295.62
14098.0,37,1,147.35
14099.0,16,11,2851.81
14100.0,138,1,194.9
14101.0,295,1,2.95
14102.0,5,5,850.28
14104.0,154,2,216.20999999999998
14105.0,239,1,1252.79
14107.0,52,7,2569.67
14108.0,31,2,597.91
14109.0,73,1,144.2
14110.0,37,10,2977.87
14111.0,14,3,78.3
14112.0,23,7,2701.31
14113.0,4,4,644.02
14114.0,274,2,386.53
14116.0,20,5,1309.94
14117.0,144,1,90.0
14121.0,4,4,2630.51
14125.0,11,3,2740.43
14126.0,11,1,213.35000000000002
14127.0,123,3,709.71
14128.0,61,2,637.5
14129.0,2,5,1077.06
14130.0,319,1,443.06
14132.0,2,11,2761.97
14133.0,130,3,575.04
14135.0,2,15,2950.79
14138.0,2,2,982.3800000000001
14139.0,46,1,302.18
14140.0,4,2,925.93
14141.0,3,4,915.13
14142.0,373,1,297.95
14143.0,134,1,115.8
14146.0,9,5,3676.8
14147.0,78,2,401.8
14148.0,234,1,157.2
14149.0,221,1,446.62
14150.0,36,2,584.74
14152.0,75,2,602.57
14154.0,239,2,1345.62
14155.0,266,1,118.75
14157.0,20,2,412.72
14158.0,40,1,471.18
14159.0,20,11,4649.69
14161.0,216,3,1110.52
14162.0,174,2,248.56
14163.0,87,4,1502.91
14164.0,81,1,374.4
14165.0,276,1,122.53999999999999
14167.0,39,4,574.84
14171.0,98,1,363.79
14173.0,11,4,315.84000000000003
14174.0,33,1,134.46
14175.0,60,3,3198.9
14176.0,297,4,576.9000000000001
14177.0,86,4,552.57
14178.0,9,7,1564.6100000000001
14179.0,41,2,719.78
14180.0,11,25,4748.52
14184.0,67,1,452.89
14185.0,331,1,197.65
14188.0,31,6,1829.66
14189.0,2,15,4231.94
14191.0,2,13,4386.8
14193.0,68,2,768.95
14194.0,5,21,10911.16
14195.0,202,2,274.40000000000003
14196.0,107,1,90.72
14198.0,18,4,660.6
14199.0,218,1,185.39999999999998
14201.0,60,7,559.04
14204.0,2,1,161.03
14205.0,17,2,466.7
14206.0,239,1,328.15999999999997
14208.0,95,1,151.74
14209.0,11,6,1686.55
14210.0,106,6,1890.72
14211.0,53,9,1955.6
14214.0,31,5,997.54
14215.0,12,6,1738.72
14216.0,3,4,1634.8600000000001
14217.0,2,17,1871.78
14218.0,43,1,169.48000000000002
14219.0,4,1,89.94
14220.0,247,2,510.72
14221.0,42,9,3238.4
14222.0,177,1,586.45
14223.0,92,3,982.01
14224.0,110,4,931.1999999999999
14226.0,29,5,1498.5900000000001
14227.0,26,9,3320.7200000000003
14229.0,52,3,1116.0
14231.0,184,3,925.71
14232.0,43,5,1676.31
14233.0,49,4,916.9200000000001
14234.0,22,4,728.26
14235.0,75,5,1592.94
14236.0,81,2,318.54
14237.0,373,1,161.0
14238.0,326,1,126.05
14239.0,43,11,2380.85
14240.0,30,2,890.34
14241.0,184,1,213.70000000000002
14242.0,235,2,280.55
14243.0,9,10,2518.93
14245.0,220,2,1693.45
14246.0,111,3,1405.3
14247.0,278,1,136.76999999999998
14248.0,318,1,302.58
14250.0,7,3,1890.13
14251.0,2,5,1796.8200000000002
14256.0,260,2,969.0600000000001
14257.0,64,5,2598.6
14258.0,9,9,4089.36
14259.0,142,1,120.0
14261.0,51,2,1055.29
14262.0,8,8,2354.11
14264.0,155,2,333.97
14267.0,163,3,1516.24
14270.0,332,1,492.65000000000003
14271.0,226,1,112.32
14272.0,74,2,400.0
14273.0,51,4,559.97
14276.0,99,3,1119.74
14280.0,197,1,134.04
14282.0,3,15,2679.78
14284.0,31,2,595.25
14285.0,21,4,1022.13
14286.0,24,3,4132.79
14287.0,8,2,159.35
14288.0,213,1,357.0
14289.0,9,6,911.26
14290.0,11,5,2314.65
14291.0,2,11,3789.65
14292.0,8,9,2576.53
14293.0,3,4,1046.56
14295.0,40,1,166.20000000000002
14297.0,18,4,1182.45
14298.0,8,40,27322.08
14299.0,8,9,3153.34
14300.0,19,1,43.2
14301.0,117,1,128.7
14304.0,223,1,383.45
14305.0,71,3,1858.96
14306.0,51,2,1219.88
14307.0,89,6,2892.46
14309.0,8,9,1981.8500000000001
14311.0,243,1,296.22
14312.0,47,6,1534.31
14314.0,107,1,93.47999999999999
14315.0,45,6,2421.13
14317.0,65,1,508.58000000000004
14320.0,207,2,477.79
14321.0,11,5,1293.35
14323.0,115,2,605.0600000000001
14326.0,242,1,123.85000000000001
14327.0,163,1,311.65
14329.0,17,7,4857.88
14331.0,124,2,462.65999999999997
14332.0,23,3,585.15
14333.0,68,1,415.2
14334.0,17,8,2436.21
14336.0,17,4,1320.91
14338.0,161,2,574.3
14339.0,243,1,309.52
14340.0,219,1,134.7
14341.0,45,8,2018.1200000000001
14342.0,21,4,492.8
14344.0,127,8,828.73
14345.0,39,1,108.97999999999999
14346.0,121,2,1006.46
14348.0,260,1,409.57
14349.0,10,1,133.5
14350.0,274,1,282.93
14351.0,165,1,51.0
14352.0,157,4,1055.56
14353.0,215,1,90.6
14354.0,6,2,126.17999999999999
14355.0,366,1,174.4
14356.0,80,2,701.23
14357.0,43,1,225.77
14359.0,19,3,912.18
14360.0,32,4,2128.23
14362.0,22,1,161.2
14364.0,109,8,1401.55
14367.0,8,16,8478.44
14368.0,320,1,155.0
14371.0,295,1,100.5
14373.0,358,1,76.55
14375.0,185,1,257.68
14377.0,191,2,422.05
14379.0,44,2,348.1
14381.0,52,1,202.68
14382.0,26,1,475.11
14383.0,38,3,1089.77
14385.0,9,3,202.11
14386.0,297,1,142.4
14387.0,33,3,1770.56
14388.0,10,8,3062.96
14389.0,65,2,821.94
14390.0,10,9,3852.02
14393.0,218,1,67.95
14395.0,2,9,3507.71
14396.0,65,2,487.99
14397.0,3,17,1296.92
14400.0,149,1,326.48
14401.0,4,13,3126.64
14403.0,130,4,690.45
14404.0,34,6,1366.68
14406.0,119,1,126.15
14407.0,107,6,1349.73
14408.0,11,7,1885.73
14409.0,71,4,945.37
14410.0,92,9,1105.07
14411.0,311,1,962.2
14412.0,43,2,684.43
14413.0,362,1,122.7
14414.0,92,7,1073.22
14415.0,1,13,5714.1
14416.0,22,2,189.5
14418.0,4,3,1644.69
14419.0,11,6,1058.06
14420.0,99,1,387.52
14421.0,57,2,813.11
14422.0,1,6,3990.84
14423.0,218,1,20.4
14426.0,24,10,3677.51
14427.0,50,2,287.74
14428.0,7,5,1168.51
14431.0,303,1,470.36
14432.0,10,6,2136.37
14434.0,22,6,964.8000000000001
14436.0,99,1,89.06
14437.0,366,1,63.0
14438.0,306,1,131.9
14440.0,8,5,2276.08
14441.0,1,4,1712.89
14443.0,54,4,1406.28
14446.0,1,4,998.9
14447.0,19,5,1163.23
14448.0,9,2,137.75
14449.0,19,4,907.1
14450.0,181,3,483.25
14451.0,60,2,662.59
14452.0,11,2,264.44
14453.0,190,1,119.93
14456.0,5,9,2940.98
14457.0,311,1,68.64
14459.0,155,1,1563.3600000000001
14460.0,110,3,150.0
14461.0,148,3,1967.86
14462.0,66,11,1973.78
14463.0,98,3,229.79999999999998
14465.0,247,3,598.12
14466.0,29,7,2064.5
14467.0,18,4,598.76
14470.0,12,2,430.59000000000003
14472.0,104,8,1906.12
14473.0,74,2,196.18
14474.0,46,1,547.66
14475.0,72,3,911.81
14476.0,257,1,215.7
14477.0,51,1,83.2
14479.0,254,2,316.25
14480.0,11,1,279.05
14481.0,165,2,554.91
14482.0,18,6,1170.3700000000001
14483.0,282,1,137.1
14484.0,50,1,301.76
14485.0,39,1,165.75
14487.0,27,6,1196.33
14488.0,68,1,781.08
14489.0,207,1,433.5
14491.0,175,2,340.93
14493.0,7,5,2330.68
14494.0,26,1,139.56
14495.0,51,2,123.8
14496.0,312,2,416.77000000000004
14497.0,309,1,475.37
14498.0,43,5,1837.32
14499.0,26,3,815.32
14500.0,88,3,281.85
14501.0,184,2,251.21
14502.0,20,11,2470.67
14503.0,3,6,3166.36
14504.0,47,4,673.26
14505.0,17,8,5669.66
14506.0,17,5,1967.17
14507.0,40,5,1145.58
14508.0,22,2,276.42
14511.0,11,5,1274.01
14512.0,188,2,275.28
14513.0,207,2,183.75
14514.0,61,3,964.15
14515.0,18,6,1798.91
14517.0,33,2,330.45
14518.0,64,1,137.89
14520.0,2,1,43.2
14522.0,72,3,405.26
14523.0,108,1,173.41
14524.0,32,9,1867.68
14525.0,20,9,2845.16
14527.0,3,55,8407.1
14528.0,37,1,251.83999999999997
14529.0,60,3,620.04
14530.0,26,6,2638.45
14532.0,236,4,932.85
14533.0,25,6,789.24
14534.0,3,18,4244.93
14535.0,60,3,2786.33
14536.0,260,1,171.8
14537.0,58,1,355.56
14538.0,65,2,388.25
14539.0,16,2,517.32
14540.0,10,3,996.26
14541.0,59,8,1418.15
14542.0,186,1,103.25
14543.0,29,16,2515.73
14544.0,24,2,1368.8700000000001
14546.0,5,5,2578.09
14547.0,4,8,3830.5
14549.0,311,1,281.68
14550.0,11,2,711.9200000000001
14551.0,18,2,186.23
14552.0,152,1,165.07
14553.0,19,5,853.5699999999999
14554.0,10,4,2225.88
14555.0,57,2,263.3
14557.0,85,1,287.44
14560.0,17,18,1860.1299999999999
14561.0,76,3,1003.72
14562.0,4,18,5074.77
14565.0,96,4,2982.36
14567.0,57,2,1530.3600000000001
14569.0,1,1,104.99
14570.0,281,2,218.06
14572.0,3,7,2768.36
14573.0,180,9,1639.5
14576.0,372,1,35.400000000000006
14577.0,13,4,859.71
14578.0,3,1,111.51
14581.0,17,1,103.92
14582.0,41,1,114.11
14583.0,6,5,1019.49
14584.0,169,4,1042.26
14585.0,50,1,157.05
14586.0,277,1,202.44
14587.0,19,9,1593.58
14589.0,372,1,39.75
14591.0,15,4,1160.14
14592.0,35,3,570.46
14593.0,22,3,617.99
14594.0,7,2,379.83
14595.0,20,6,1703.16
14597.0,11,1,312.65
14598.0,44,1,221.97
14600.0,306,1,393.33000000000004
14601.0,11,1,123.96000000000001
14606.0,1,93,11443.56
14607.0,19,3,450.9
14608.0,4,3,1017.1500000000001
14616.0,285,1,10.08
14618.0,9,3,438.84000000000003
14619.0,246,1,394.44
14620.0,206,2,384.34000000000003
14621.0,1,5,1733.52
14622.0,185,1,320.58000000000004
14623.0,32,5,829.25
14624.0,57,2,225.85
14625.0,196,2,899.63
14626.0,24,4,2557.27
14628.0,91,2,671.96
14629.0,4,2,959.01
14631.0,51,3,755.82
14632.0,263,1,95.84
14633.0,266,1,344.90000000000003
14636.0,36,2,609.85
14638.0,51,1,443.6
14639.0,52,6,2860.77
14640.0,24,6,2064.96
14641.0,22,1,110.46
14642.0,59,1,19.8
14643.0,170,2,343.57
14644.0,68,2,741.12
14645.0,157,2,578.37
14647.0,201,1,243.22
14649.0,5,4,1152.81
14651.0,67,2,654.6
14652.0,77,1,114.18
14653.0,1,7,1947.55
14655.0,8,4,954.23
14656.0,169,2,291.05
14657.0,18,4,848.22
14658.0,5,2,247.15
14659.0,9,9,2529.93
14660.0,87,2,285.74
14661.0,27,1,107.95
14662.0,29,4,749.75
14664.0,20,2,637.89
14665.0,61,4,1754.1000000000001
14666.0,24,1,195.25
14667.0,11,25,7350.34
14669.0,242,3,1256.07
14670.0,280,2,411.53
14672.0,235,2,699.27
14673.0,3,5,1334.64
14675.0,16,1,517.35
14676.0,31,5,838.12
14680.0,25,15,4308.6
14681.0,71,3,158.95
14684.0,26,5,1236.28
14687.0,107,1,217.01999999999998
14688.0,8,20,3971.9900000000002
14689.0,209,1,112.8
14690.0,44,2,371.7
14691.0,31,5,1992.29
14692.0,137,4,591.55
14693.0,264,1,172.9
14696.0,4,7,1912.39
14697.0,218,2,121.41
14698.0,2,5,1250.76
14699.0,214,1,109.13000000000001
14700.0,32,3,1590.18
14701.0,11,9,2549.37
14702.0,1,17,3257.44
14703.0,15,1,318.17
14704.0,11,9,1541.03
14708.0,3,3,804.41
14709.0,15,13,4782.32
14710.0,14,4,606.13
14711.0,10,11,2796.8
14712.0,29,3,877.23
14713.0,9,11,2427.36
14714.0,24,1,79.55
14715.0,25,4,795.88
14716.0,43,2,231.4
14719.0,2,5,1602.13
14720.0,6,3,663.81
14722.0,147,1,187.92000000000002
14723.0,10,6,1143.18
14725.0,25,1,595.98
14727.0,274,1,268.58
14729.0,374,1,313.49
14730.0,1,8,2005.06
14731.0,47,3,366.58
14732.0,8,8,2582.4900000000002
14733.0,16,12,6180.59
14735.0,4,31,5165.57
14737.0,4,3,785.35
14738.0,43,7,1225.65
14739.0,20,6,777.18
14740.0,197,3,1448.21
14741.0,12,6,1306.74
14744.0,16,6,439.98
14745.0,113,5,1117.3
14747.0,249,1,328.2
14748.0,29,5,1393.69
14752.0,44,1,129.0
14753.0,87,1,563.15
14754.0,45,2,638.05
14755.0,10,11,4910.92
14756.0,15,1,708.36
14757.0,75,1,420.5
14758.0,145,4,1446.62
14759.0,5,3,1625.97
14760.0,297,1,89.2
14761.0,59,2,255.9
14762.0,264,1,277.12
14764.0,47,1,79.8
14765.0,29,3,233.11
14766.0,8,6,2400.57
14768.0,17,2,192.60000000000002
14769.0,3,8,10011.82
14770.0,232,2,845.82
14772.0,112,1,139.26
14775.0,58,3,879.42
14776.0,51,11,1239.54
14778.0,127,2,730.86
14779.0,281,3,386.15
14780.0,55,2,447.68
14782.0,320,1,110.10000000000001
14784.0,26,2,271.27000000000004
14785.0,15,1,39.480000000000004
14788.0,7,2,665.52
14789.0,29,1,169.2
14790.0,17,4,639.46
14792.0,64,1,6.2
14793.0,21,1,228.99
14794.0,3,7,1319.91
14795.0,166,1,131.45000000000002
14796.0,1,17,7488.43
14798.0,53,3,173.74
14799.0,51,1,136.82
14800.0,48,12,4007.62
14801.0,61,1,193.14
14803.0,162,3,478.34999999999997
14804.0,9,1,353.27
14805.0,15,4,554.65
14806.0,75,1,74.95
14808.0,40,8,1996.02
14810.0,41,11,2087.88
14813.0,370,2,155.43
14815.0,37,2,737.22
14816.0,197,1,271.85
14817.0,200,2,1081.98
14818.0,74,3,507.8
14819.0,64,2,227.07
14820.0,21,4,507.29
14821.0,367,1,48.800000000000004
14823.0,180,3,321.43
14824.0,10,4,711.71
14825.0,4,12,2226.91
14828.0,197,2,513.2800000000001
14829.0,29,4,650.83
14830.0,53,1,197.13
14834.0,18,6,1591.42
14836.0,10,3,102.44999999999999
14837.0,90,4,1613.5
14840.0,268,1,62.85
14841.0,53,6,3150.48
14842.0,44,4,2801.29
14844.0,64,4,2294.81
14847.0,149,1,309.4
14849.0,22,25,7294.34
14850.0,312,1,325.75
14851.0,23,2,448.35
14852.0,58,6,2497.4900000000002
14853.0,24,2,475.8
14854.0,78,7,2084.83
14855.0,119,2,471.35
14856.0,36,3,1211.54
14857.0,60,2,1173.12
14859.0,13,4,1312.94
14860.0,19,1,149.44
14861.0,52,1,83.37
14862.0,26,2,783.92
14863.0,29,1,266.76
14865.0,7,2,43.08
14866.0,11,6,740.6200000000001
14867.0,186,3,710.28
14868.0,3,8,2871.9900000000002
14869.0,9,2,701.22
14870.0,262,1,327.25
14871.0,3,4,522.38
14873.0,210,1,519.68
14875.0,108,2,1093.8
14878.0,13,9,1325.34
14880.0,77,3,706.19
14881.0,20,1,221.2
14882.0,27,2,589.7
14883.0,19,6,727.75
14885.0,132,1,102.0
14886.0,253,1,364.8
14888.0,207,1,369.2
14889.0,336,1,135.9
14890.0,254,1,125.65
14891.0,148,2,468.1
14893.0,10,2,1193.93
14894.0,85,1,614.95
14895.0,8,20,10691.59
14896.0,205,2,468.77000000000004
14897.0,8,4,1366.38
14898.0,23,6,1050.68
14901.0,11,9,1370.41
14902.0,26,1,332.66
14903.0,21,5,2779.43
14904.0,2,2,577.12
14905.0,158,2,371.35
14907.0,3,7,3408.58
14908.0,74,1,232.79999999999998
14910.0,3,4,434.35
14913.0,36,4,1033.37
14915.0,91,2,307.48
14916.0,71,4,1207.66
14918.0,116,2,1490.39
14920.0,213,2,940.45
14921.0,30,2,1255.23
14923.0,51,1,722.7
14924.0,246,1,310.05
14929.0,32,1,223.88
14944.0,30,12,4773.45
14946.0,14,1,100.9
14947.0,72,2,290.82
14948.0,23,6,1075.41
14950.0,19,1,371.2
14951.0,79,1,297.77
14952.0,60,9,4769.27
14953.0,25,1,276.14
14954.0,12,1,336.17
14957.0,253,1,58.49
14958.0,147,3,499.68
14959.0,64,4,641.34
14960.0,8,2,198.07
14961.0,11,9,6539.68
14962.0,271,1,56.5
14963.0,10,5,1176.44
14964.0,247,1,104.45
14965.0,96,2,599.0
14966.0,15,1,176.2
14967.0,50,1,139.8
14968.0,30,1,147.59
14970.0,68,4,1592.06
14971.0,35,3,1030.19
14972.0,128,1,114.77
14973.0,107,3,1314.45
14974.0,37,1,114.39
14975.0,57,1,38.65
14976.0,57,7,790.86
14978.0,72,5,1931.42
14981.0,246,1,102.12
14984.0,19,2,213.27
14985.0,198,2,278.03000000000003
14988.0,212,1,334.54
14995.0,39,2,233.23000000000002
14997.0,46,3,234.32
14998.0,170,2,429.87
15000.0,48,1,459.92
15002.0,116,4,1551.16
15004.0,147,1,1209.0
15005.0,16,28,6235.21
15006.0,51,1,502.09
15007.0,159,1,156.91
15009.0,12,3,1261.78
15010.0,36,1,308.94
15012.0,54,2,423.04
15014.0,43,2,177.67000000000002
15016.0,173,1,170.04
15017.0,34,1,125.58
15018.0,39,3,496.21000000000004
15019.0,267,1,266.0
15021.0,9,9,1914.82
15022.0,12,4,889.92
15023.0,3,11,6343.74
15024.0,10,10,1661.33
15025.0,33,1,377.01
15026.0,80,3,464.2
15027.0,31,4,781.15
15028.0,8,4,594.49
15030.0,72,2,214.8
15031.0,4,4,596.14
15032.0,256,3,339.1
15033.0,5,10,2558.59
15034.0,16,8,3617.66
15035.0,90,1,227.29000000000002
15036.0,72,3,442.15
15038.0,59,6,705.49
15039.0,10,47,17996.22
15041.0,170,1,180.35
15042.0,199,1,135.93
15044.0,19,17,7586.35
15045.0,152,2,735.66
15046.0,9,15,2856.93
15047.0,270,1,329.7
15048.0,65,4,384.05
15049.0,274,1,40.050000000000004
15050.0,25,3,1132.49
15051.0,23,3,1275.93
15052.0,319,1,215.78
15053.0,5,3,523.43
15054.0,12,2,302.1
15057.0,275,2,1280.1
15058.0,25,11,2097.79
15059.0,41,9,1317.92
15060.0,8,4,303.09
15061.0,4,35,7763.57
15062.0,71,4,928.28
15063.0,213,1,370.79999999999995
15065.0,38,4,3119.61
15066.0,53,1,893.59
15067.0,78,3,1564.4
15068.0,46,2,547.6
15069.0,179,1,1109.53
15071.0,94,2,859.6700000000001
15073.0,10,3,1043.41
15074.0,105,1,748.87
15075.0,78,1,620.63
15076.0,173,1,880.85
15078.0,7,32,9542.67
15079.0,213,4,732.41
15081.0,22,5,504.8
15083.0,257,1,88.2
15087.0,282,1,220.06
15088.0,21,2,1160.07
15089.0,10,6,2407.16
15090.0,308,1,357.92
15091.0,68,1,480.71
15092.0,215,2,457.81
15093.0,18,6,2887.28
15095.0,104,4,888.84
15096.0,43,1,219.39000000000001
15097.0,4,1,248.08
15098.0,182,1,649.5
15099.0,84,1,238.70000000000002
15100.0,334,1,175.2
15101.0,9,2,120.13000000000001
15103.0,31,2,703.36
15104.0,197,2,1006.44
15105.0,18,7,1868.59
15106.0,18,5,1366.0
15107.0,330,5,248.1
15109.0,246,1,484.95
15110.0,24,4,996.1
15111.0,29,3,1567.48
15113.0,10,3,1824.59
15114.0,30,10,2650.16
15115.0,18,1,340.11
15116.0,18,4,1147.43
15117.0,15,5,1199.78
15119.0,246,1,266.4
15120.0,134,1,340.1
15121.0,50,2,457.72
15122.0,114,3,1458.28
15123.0,7,2,2032.03
15124.0,23,2,156.35
15125.0,61,10,3059.7
15127.0,66,1,346.53
15128.0,60,4,1385.44
15129.0,50,10,1717.1200000000001
15130.0,170,1,330.11
15132.0,18,5,791.69
15133.0,128,3,601.1800000000001
15134.0,15,8,1299.55
15135.0,239,1,139.05
15136.0,3,4,1234.5
15139.0,240,2,169.84
15140.0,52,7,1728.61
15142.0,46,1,480.02
15143.0,226,1,259.45
15144.0,8,17,6220.62
15145.0,4,4,1171.33
15146.0,165,2,1191.92
15147.0,240,1,600.1
15148.0,11,1,301.29
15149.0,134,1,475.8
15150.0,17,10,5205.63
15152.0,10,13,4686.29
15153.0,31,1,301.17
15154.0,75,1,296.42
15156.0,1,3,961.49
15157.0,4,3,1581.23
15158.0,45,1,119.76
15159.0,2,30,17037.41
15160.0,357,1,51.96
15163.0,18,2,295.77
15164.0,69,3,843.05
15165.0,373,1,487.75
15167.0,321,1,163.0
15168.0,26,1,106.56
15172.0,9,5,1430.73
15174.0,323,1,120.63
15175.0,72,1,212.5
15178.0,260,1,40.5
15179.0,18,4,1679.19
15180.0,367,1,87.5
15181.0,66,3,433.79999999999995
15182.0,154,2,622.85
15184.0,29,2,406.76
15185.0,70,1,219.82000000000002
15186.0,14,2,391.25
15187.0,2,16,3801.34
15189.0,1,41,7470.03
15192.0,120,3,817.4
15193.0,61,1,485.4
15194.0,3,15,5753.49
15197.0,11,3,896.01
15198.0,92,2,193.64
15199.0,59,4,503.70000000000005
15201.0,87,5,1116.54
15203.0,26,6,1757.4
15204.0,357,1,225.5
15205.0,85,2,624.8
15206.0,10,4,420.29999999999995
15208.0,1,5,870.12
15210.0,225,1,297.1
15211.0,60,2,894.4100000000001
15212.0,241,1,101.8
15213.0,319,2,328.35
15214.0,2,8,1614.64
15215.0,47,3,734.94
15216.0,88,1,96.6
15218.0,11,10,3402.05
15219.0,176,1,305.75
15220.0,52,6,1665.2
15221.0,366,1,403.25
15223.0,226,2,755.75
15224.0,358,2,322.08
15225.0,234,1,409.40000000000003
15226.0,311,1,154.41
15227.0,37,5,1140.08
15228.0,66,4,2611.75
15230.0,239,2,429.6
15232.0,113,2,358.06
15234.0,277,1,187.88
15235.0,218,12,2247.51
15236.0,299,1,321.05
15237.0,2,4,1405.48
15238.0,29,3,904.03
15239.0,10,2,766.67
15240.0,45,5,1203.45
15241.0,67,8,1524.96
15243.0,74,1,316.68
15244.0,65,2,631.57
15245.0,134,3,1524.76
15246.0,238,2,490.75
15247.0,122,1,111.19999999999999
15249.0,32,13,6598.16
15251.0,41,8,3172.17
15252.0,36,2,740.78
15253.0,16,5,857.24
15254.0,127,1,253.32
15255.0,67,1,890.85
15256.0,149,1,98.45
15257.0,283,1,317.15
15258.0,169,2,623.16
15260.0,100,6,1752.77
15261.0,135,1,254.82
15262.0,324,1,178.95000000000002
15263.0,107,1,156.51
15264.0,64,1,393.74
15265.0,151,2,1506.1200000000001
15266.0,338,1,119.3
15269.0,24,1,408.8
15270.0,16,7,1217.0500000000002
15271.0,7,15,2507.07
15272.0,57,2,705.5600000000001
15274.0,4,2,681.77
15275.0,38,1,557.54
15276.0,66,1,135.31
15277.0,47,1,241.98
15279.0,355,1,270.35
15280.0,172,1,87.62
15281.0,59,9,2273.23
15286.0,50,1,240.55
15287.0,22,2,414.69
15288.0,43,5,2306.52
15289.0,29,3,689.46
15290.0,5,18,5319.37
15291.0,26,12,3050.06
15292.0,201,1,180.94
15296.0,51,6,3468.62
15297.0,10,3,641.94
15298.0,2,11,3366.58
15299.0,164,1,600.0
15300.0,64,1,496.44
15301.0,51,11,4102.49
15303.0,290,1,574.02
15304.0,61,8,694.4000000000001
15306.0,64,3,1058.67
15307.0,96,1,205.3
15308.0,274,1,296.55
15311.0,1,91,20737.81
15312.0,75,4,843.25
15313.0,110,1,52.0
15314.0,199,1,314.05
15315.0,64,2,475.21999999999997
15318.0,4,1,284.9
15319.0,284,1,204.5
15320.0,44,1,197.53
15321.0,71,3,2467.79
15322.0,86,1,665.76
15325.0,104,1,162.29
15326.0,334,1,311.71
15327.0,53,1,208.75
15329.0,39,3,1049.7
15330.0,32,1,29.759999999999998
15333.0,208,1,238.0
15334.0,157,3,351.67
15335.0,53,1,173.97
15339.0,66,2,561.91
15341.0,81,1,732.96
15342.0,130,1,406.09
15343.0,87,1,364.5
15344.0,1,3,563.94
15345.0,46,1,393.54
15346.0,333,1,252.42000000000002
15347.0,366,1,81.60000000000001
15348.0,72,1,158.04
15349.0,158,2,435.56
15350.0,373,1,115.65
15351.0,12,7,1960.1100000000001
15353.0,255,2,777.02
15355.0,29,2,277.05
15356.0,31,10,2757.8
15358.0,5,22,8008.56
15360.0,40,1,427.93
15361.0,362,1,139.8
15363.0,373,1,326.0
15364.0,96,2,675.59
15365.0,26,7,2314.32
15366.0,75,2,566.39
15367.0,57,4,1827.75
15368.0,21,1,16.5
15370.0,41,7,2386.05
15373.0,8,12,2415.91
15374.0,129,1,76.2
15376.0,40,3,1233.3600000000001
15379.0,169,7,3474.21
15380.0,9,4,1441.44
15381.0,214,2,457.65
15382.0,15,6,5686.97
15384.0,170,2,611.81
15385.0,40,1,158.96
15386.0,186,1,370.74
15392.0,5,4,1421.29
15393.0,16,2,231.86
15394.0,10,4,2133.54
15395.0,326,1,107.45
15396.0,113,1,288.18
15397.0,290,1,94.0
15398.0,16,2,1345.53
15399.0,1,3,768.97
15400.0,128,3,208.6
15402.0,149,2,496.21000000000004
15405.0,189,1,247.33999999999997
15406.0,31,2,501.59000000000003
15407.0,34,4,1025.24
15408.0,264,1,267.18
15410.0,84,8,3246.84
15411.0,26,4,1329.0
15412.0,171,1,160.29
15414.0,10,3,731.7
15415.0,313,1,495.29
15416.0,65,4,3763.2000000000003
15417.0,85,1,508.8
15419.0,25,1,84.74
15421.0,59,4,936.44
15422.0,323,2,97.7
15423.0,38,1,7.5
15424.0,254,2,304.14
15426.0,19,5,1447.39
15427.0,33,3,1454.1
15428.0,15,1,75.06
15429.0,27,2,360.03000000000003
15432.0,23,1,171.19
15433.0,214,2,533.3
15434.0,8,5,846.36
15435.0,22,1,149.29
15436.0,12,3,1122.53
15437.0,262,1,200.16
15438.0,131,1,156.57999999999998
15440.0,55,3,383.68
15443.0,2,7,3132.15
15444.0,9,2,1418.26
15445.0,264,1,113.5
15447.0,331,1,155.17
15448.0,313,1,494.64
15449.0,26,3,923.16
15450.0,30,1,429.84
15452.0,30,3,538.73
15453.0,2,7,1388.37
15454.0,362,1,179.1
15456.0,283,3,394.3
15457.0,262,1,237.07
15458.0,25,1,142.92
15460.0,354,1,216.76
15462.0,94,3,144.6
15463.0,29,1,119.3
15464.0,338,1,1048.85
15465.0,20,18,3942.94
15466.0,85,1,334.53
15467.0,9,3,524.88
15468.0,51,2,467.51
15469.0,50,2,538.55
15471.0,2,1,387.88
15472.0,113,1,371.56
15475.0,77,1,454.10999999999996
15478.0,40,2,1140.74
15482.0,16,11,3898.08
15483.0,161,4,209.81
15484.0,1,4,2676.37
15485.0,30,3,1975.3600000000001
15488.0,93,1,15.0
15489.0,23,3,894.04
15491.0,95,6,2880.89
15492.0,28,2,645.54
15493.0,33,5,2001.8
15494.0,21,2,1173.53
15497.0,18,2,771.0
15498.0,3,27,12576.17
15500.0,8,4,1096.28
15502.0,16,12,8065.22
15503.0,363,1,147.09
15504.0,81,1,52.83
15505.0,53,5,2027.46
15506.0,23,3,803.34
15507.0,172,1,492.36
15508.0,189,6,926.83
15510.0,331,1,250.0
15511.0,12,5,909.23
15512.0,156,2,121.0
15513.0,33,17,10883.62
15514.0,12,10,2165.59
15516.0,45,3,62.43
15517.0,233,1,259.47
15518.0,64,8,1891.33
15520.0,2,1,320.7
15521.0,40,8,2698.16
15522.0,33,2,327.5
15523.0,84,1,97.01
15524.0,25,1,440.0
15525.0,2,3,825.92
15526.0,33,2,148.44
15527.0,19,8,2327.54
15528.0,254,1,171.33
15529.0,23,11,3796.51
15530.0,22,4,1412.1100000000001
15531.0,8,2,2000.6000000000001
15532.0,25,4,1566.89
15533.0,19,3,728.37
15535.0,173,4,536.4
15537.0,163,1,110.92
15539.0,7,1,478.46
15540.0,11,1,185.22
15541.0,114,1,85.13000000000001
15543.0,288,1,127.86
15544.0,9,9,3504.71
15545.0,54,2,292.71999999999997
15547.0,7,14,4608.12
15549.0,77,3,1643.26
15550.0,4,4,575.63
15551.0,37,1,429.22
15552.0,217,1,90.12
15553.0,60,1,437.23
15554.0,278,1,217.2
15555.0,12,16,4737.55
15556.0,24,1,229.76999999999998
15557.0,29,1,383.65000000000003
15561.0,12,4,800.59
15563.0,22,3,1269.28
15565.0,50,2,173.16
15567.0,19,1,74.65
15568.0,3,3,758.29
15569.0,132,2,71.91
15570.0,7,12,4107.68
15571.0,12,4,599.55
15572.0,5,7,2498.7799999999997
15573.0,32,2,548.41
15574.0,178,4,672.01
15576.0,38,1,701.63
15577.0,151,3,258.88
15578.0,162,1,127.1
15579.0,69,2,348.6
15581.0,121,13,3679.9700000000003
15582.0,25,3,682.9100000000001
15584.0,24,4,680.11
15585.0,177,1,455.3
15587.0,50,3,305.28
15589.0,256,3,478.53000000000003
15592.0,47,1,314.66
15593.0,71,1,199.8
15594.0,16,5,1765.9
15596.0,101,5,1406.59
15597.0,35,1,324.57
15598.0,53,1,240.68
15599.0,27,2,730.54
15601.0,11,14,6308.12
15602.0,8,7,691.75
15604.0,52,1,216.39
15605.0,36,5,1198.23
15606.0,61,9,2757.92
15607.0,337,1,104.76
15608.0,60,3,932.76
15609.0,184,1,298.48
15610.0,52,1,112.46000000000001
15611.0,10,13,1204.81
15612.0,36,2,195.15
15615.0,10,22,9022.08
15618.0,33,4,776.851
15619.0,11,1,191.40000000000003
15620.0,57,3,1547.3
15621.0,4,3,202.01000000000002
15622.0,43,9,3695.64
15623.0,141,1,301.03
15624.0,117,4,566.85
15625.0,104,4,1161.42
15626.0,75,2,602.36
15628.0,5,9,2797.04
15630.0,45,2,1162.95
15632.0,16,8,3082.15
15634.0,17,1,243.55
15636.0,90,2,724.76
15637.0,53,1,223.36
15639.0,134,1,425.32
15640.0,4,14,10208.880000000001
15641.0,105,4,1812.92
15643.0,192,3,664.0
15644.0,166,4,813.0
15645.0,19,1,530.4100000000001
15646.0,158,3,419.92
15648.0,204,2,599.35
15651.0,37,3,491.65999999999997
15652.0,91,1,337.74
15653.0,116,1,48.0
15654.0,9,2,395.91
15655.0,243,1,560.67
15656.0,45,4,748.5
15657.0,23,1,30.0
15658.0,190,5,1024.1000000000001
15659.0,44,1,275.85
15660.0,25,9,1560.54
15661.0,317,1,19.8
15663.0,106,1,124.1
15664.0,51,1,386.43
15665.0,168,2,1993.85
15667.0,40,1,301.32
15669.0,40,4,512.5
15670.0,297,1,173.05
15671.0,19,7,1272.21
15673.0,88,4,2815.2
15674.0,73,5,2363.92
15675.0,81,3,258.61
15676.0,19,3,3337.72
15677.0,49,1,657.23
15678.0,53,1,290.3
15679.0,24,4,690.98
15680.0,9,3,1212.84
15681.0,25,5,1426.16
15683.0,117,1,152.95
15687.0,9,9,2979.18
15689.0,120,2,254.1
15690.0,4,2,201.48
15692.0,28,1,191.04
15694.0,8,13,3622.06
15695.0,267,2,396.06
15696.0,33,8,2736.46
15699.0,18,1,309.65
15700.0,172,2,655.88
15701.0,2,4,1511.9
15703.0,265,1,211.5
15704.0,140,4,2224.42
15705.0,201,1,83.1
15706.0,64,4,1060.56
15707.0,35,4,930.46
15708.0,41,7,3323.92
15709.0,284,1,69.65
15712.0,9,5,970.6
15713.0,143,2,356.7
15714.0,12,2,330.88
15716.0,146,4,867.29
15717.0,234,1,150.3
15719.0,33,13,5045.61
15720.0,24,1,587.03
15721.0,12,1,503.08
15722.0,36,4,1104.52
15723.0,365,1,203.1
15724.0,201,2,218.25
15725.0,15,1,415.25
15727.0,17,7,4732.41
15729.0,213,1,85.0
15730.0,66,3,1106.96
15732.0,212,2,280.2
15733.0,283,1,162.3
15734.0,115,2,716.95
15737.0,15,8,1165.8
15738.0,19,16,3838.84
15739.0,66,1,77.6
15740.0,49,1,126.80000000000001
15743.0,16,4,784.46
15744.0,78,1,6.959999999999999
15745.0,19,4,1094.59
15746.0,134,1,182.96
15747.0,13,3,765.24
15748.0,40,1,149.31
15750.0,3,8,2362.88
15752.0,40,7,2625.2
15754.0,51,3,458.57
15755.0,10,6,2308.09
15756.0,61,4,532.96
15757.0,66,2,685.38
15758.0,25,1,205.25
15759.0,218,3,253.04
15762.0,65,2,583.75
15763.0,32,2,1086.92
15764.0,88,6,3097.57
15766.0,64,1,315.06
15768.0,116,3,621.8299999999999
15769.0,235,1,122.03999999999999
15773.0,6,1,128.8
15774.0,69,1,270.8
15775.0,245,1,104.9
15776.0,133,1,234.78
15777.0,241,3,475.91
15780.0,184,3,475.28000000000003
15781.0,25,3,345.46
15782.0,10,3,1899.78
15783.0,11,1,197.82
15785.0,33,5,1719.57
15786.0,46,3,4891.4
15787.0,26,3,948.05
15789.0,358,1,297.65999999999997
15790.0,10,1,205.73
15791.0,44,2,1527.37
15793.0,15,2,150.57
15795.0,150,1,603.17
15796.0,1,8,2711.56
15797.0,319,1,15.0
15799.0,76,3,852.29
15800.0,107,2,699.08
15801.0,46,3,1063.95
15802.0,143,1,451.42
15803.0,51,1,154.86
15804.0,1,13,4136.43
15805.0,23,16,5043.8
15806.0,46,3,671.22
15807.0,50,3,903.9
15808.0,306,4,3548.67
15809.0,36,5,497.05
15810.0,79,4,1391.98
15811.0,22,6,2181.18
15812.0,107,4,632.1800000000001
15813.0,208,2,1095.11
15814.0,17,4,1324.69
15815.0,64,3,602.58
15819.0,49,4,1805.3700000000001
15820.0,320,1,116.97999999999999
15821.0,44,2,570.96
15822.0,3,2,885.47
15823.0,372,1,15.0
15825.0,172,1,474.94
15826.0,56,3,1488.67
15827.0,73,14,1836.0900000000001
15829.0,99,2,543.3199999999999
15830.0,38,1,576.0
15831.0,58,3,474.09000000000003
15832.0,254,1,836.79
15834.0,70,4,2168.83
15835.0,44,4,954.09
15836.0,50,1,137.37
15837.0,65,1,391.98
15838.0,25,5,717.84
15839.0,33,3,1022.21
15840.0,59,2,334.8
15841.0,73,4,735.0
15843.0,304,1,118.95000000000002
15844.0,46,1,130.73999999999998
15845.0,18,8,3339.57
15847.0,38,2,328.79
15850.0,19,2,216.89
15852.0,187,2,160.71
15853.0,52,1,110.8
15854.0,4,11,2041.0600000000002
15855.0,137,5,712.24
15856.0,4,25,9933.61
15857.0,19,1,174.6
15858.0,16,5,1398.23
15860.0,41,8,959.21
15861.0,12,8,3000.2599999999998
15862.0,8,4,771.44
15863.0,26,2,68.84
15864.0,67,3,442.20000000000005
15865.0,41,3,871.73
15866.0,101,1,230.53
15867.0,5,15,3706.8
15869.0,277,2,119.4
15870.0,33,1,354.09000000000003
15872.0,15,2,360.93
15874.0,64,7,2202.4
15877.0,2,2,451.28
15880.0,369,1,343.28000000000003
15881.0,312,4,234.09
15882.0,199,4,425.76000000000005
15883.0,2,2,396.48
15885.0,93,3,379.35
15886.0,60,1,114.45
15888.0,81,1,168.31
15889.0,157,2,446.87
15891.0,227,1,480.96
15894.0,253,2,263.55
15895.0,150,1,21.85
15897.0,194,2,96.43
15898.0,1,5,941.63
15899.0,369,1,56.25
15900.0,24,1,351.11
15901.0,17,3,346.76
15903.0,10,7,2366.64
15904.0,8,1,164.68
15906.0,20,7,1567.69
15907.0,4,3,967.45
15909.0,174,1,191.94
15910.0,1,8,1232.18
15912.0,178,2,264.62
15916.0,16,8,1523.77
15917.0,248,1,123.1
15918.0,191,2,334.23
15919.0,20,2,639.89
15920.0,154,4,167.5
15921.0,173,1,254.91
15922.0,373,1,248.9
15923.0,373,1,96.2
15925.0,194,1,207.15
15930.0,67,1,426.63
15932.0,4,8,1703.1100000000001
15933.0,21,3,1060.9
15935.0,239,2,416.86
15937.0,64,1,145.35
15938.0,112,5,314.58
15939.0,90,12,888.91
15940.0,311,1,35.8
15942.0,134,1,292.44
15944.0,277,1,325.1
15945.0,365,1,13.6
15947.0,83,1,572.04
15948.0,8,2,931.84
15949.0,17,2,349.6
15950.0,32,4,1765.51
15951.0,9,2,708.22
15952.0,34,4,787.85
15953.0,15,8,1057.58
15955.0,24,14,4033.66
15957.0,32,1,428.89
15958.0,74,1,104.35
15963.0,20,2,470.76
15965.0,17,4,830.52
15967.0,23,2,418.83
15969.0,3,3,666.1
15970.0,304,1,314.1
15971.0,53,7,273.05
15973.0,367,1,231.5
15974.0,39,7,3271.71
15975.0,84,1,371.01
15976.0,165,2,423.38
15977.0,17,2,768.17
15978.0,77,1,1014.1800000000001
15980.0,89,3,1250.0
15981.0,25,8,2328.48
15983.0,22,4,1211.66
15984.0,3,9,2079.25
15985.0,123,2,620.1800000000001
15986.0,30,1,126.11999999999999
15987.0,12,6,956.1
15988.0,19,1,154.03
15990.0,44,2,709.91
15992.0,4,1,41.989999999999995
15993.0,9,7,2768.53
15994.0,55,1,382.07
15996.0,88,6,1060.68
15998.0,37,5,3082.41
16003.0,30,5,2588.37
16005.0,12,4,615.39
16006.0,211,1,101.4
16007.0,48,4,1674.1
16008.0,24,3,460.06
16009.0,22,4,992.71
16010.0,246,3,407.5
16011.0,8,16,3298.33
16012.0,35,3,1276.3700000000001
16013.0,8,8,1045.1
16014.0,38,3,662.38
16015.0,4,3,584.1899999999999
16016.0,3,8,1508.76
16017.0,47,1,211.88
16018.0,39,2,394.86
16019.0,47,9,3515.28
16020.0,17,3,749.01
16022.0,260,1,628.28
16023.0,46,3,719.81
16024.0,12,1,224.6
16025.0,30,1,439.65999999999997
16026.0,43,1,236.09
16027.0,137,4,280.5
16029.0,66,22,10326.9
16030.0,310,1,320.8
16031.0,92,2,548.94
16033.0,6,20,8816.4
16034.0,196,3,407.1
16036.0,87,2,615.64
16037.0,270,3,855.02
16038.0,8,3,471.78000000000003
16040.0,65,3,1258.1100000000001
16042.0,22,5,1173.87
16043.0,37,4,695.99
16045.0,120,4,1340.7
16048.0,373,2,256.44
16049.0,40,3,1096.67
16050.0,174,1,93.38
16052.0,54,1,343.34
16053.0,33,2,1252.75
16054.0,145,1,770.46
16055.0,221,1,134.8
16056.0,45,1,624.05
16057.0,16,7,2263.12
16059.0,66,6,1459.8600000000001
16062.0,10,4,949.62
16063.0,260,1,335.32
16065.0,365,1,331.29
16066.0,17,5,1317.27
16070.0,22,2,852.15
16071.0,45,1,326.24
16072.0,288,1,577.6
16076.0,3,9,2107.41
16078.0,284,1,79.2
16079.0,17,3,159.14
16080.0,82,2,217.16
16081.0,56,5,2627.1
16083.0,101,2,606.14
16084.0,299,1,436.18
16085.0,23,5,939.75
16086.0,59,5,942.51
16091.0,155,2,315.06
16092.0,115,3,817.86
16093.0,107,1,17.0
16094.0,12,4,1078.23
16096.0,264,1,320.62
16097.0,240,1,185.04999999999998
16098.0,88,7,1721.01
16099.0,50,3,731.9
16101.0,71,1,1290.7
16102.0,42,3,1712.54
16103.0,7,6,1352.6
16104.0,62,1,302.36
16105.0,249,1,165.6
16106.0,66,1,108.38
16107.0,29,6,892.9000000000001
16108.0,85,1,828.58
16109.0,219,2,339.71999999999997
16110.0,45,3,1337.48
16112.0,143,2,100.7
16113.0,183,1,126.10000000000001
16114.0,171,1,135.75000000000003
16115.0,10,8,1667.97
16116.0,212,1,612.78
16117.0,190,1,232.21
16119.0,8,2,363.96000000000004
16120.0,59,3,588.1
16121.0,57,2,867.11
16122.0,73,4,342.18
16123.0,52,1,307.78
16124.0,317,1,249.0
16125.0,367,1,289.35
16126.0,29,4,5077.93
16127.0,39,1,656.25
16128.0,18,5,1880.22
16131.0,52,6,2390.94
16133.0,4,31,7441.28
16134.0,22,2,618.09
16135.0,263,1,517.55
16136.0,60,3,679.14
16139.0,19,3,635.41
16140.0,66,2,518.9
16141.0,88,1,620.4
16142.0,250,1,494.54
16143.0,3,6,2322.94
16144.0,247,1,175.2
16145.0,9,11,3480.65
16146.0,204,2,557.13
16147.0,134,1,361.08
16149.0,5,2,251.24
16150.0,43,5,2053.02
16152.0,269,1,1206.3600000000001
16153.0,50,5,1548.23
16156.0,9,9,3020.04
16157.0,16,3,417.05
16159.0,282,1,348.2
16160.0,65,1,173.09999999999997
16161.0,2,19,5531.81
16162.0,252,1,37.4
16163.0,365,1,254.1
16164.0,17,3,718.44
16168.0,11,23,1889.22
16169.0,8,4,1730.5700000000002
16170.0,51,6,1673.37
16171.0,59,1,73.2
16172.0,95,5,1116.81
16173.0,16,6,1418.32
16174.0,126,3,551.95
16175.0,94,4,1037.59
16177.0,50,1,331.95
16178.0,138,1,197.9
16179.0,61,1,215.83
16180.0,100,8,2082.88
16181.0,73,1,163.94
16182.0,72,1,102.64999999999999
16183.0,67,1,338.71000000000004
16184.0,64,6,960.63
16185.0,17,2,529.41
16186.0,23,12,3701.58
16187.0,32,15,5722.96
16188.0,45,4,967.82
16189.0,16,2,155.48
16190.0,40,1,184.84
16191.0,3,11,2863.52
16193.0,237,1,300.53
16198.0,75,1,400.68100000000004
16200.0,4,2,1080.6200000000001
16201.0,3,4,1790.67
16202.0,361,1,365.27
16203.0,59,4,592.9
16204.0,23,1,405.71
16205.0,31,4,633.5799999999999
16206.0,55,4,537.0600000000001
16207.0,25,1,394.38
16208.0,45,2,664.26
16209.0,89,5,779.18
16210.0,2,15,2407.3
16211.0,89,1,547.02
16212.0,19,2,690.34
16213.0,79,1,159.0
16214.0,171,3,1021.95
16215.0,81,1,242.35
16216.0,267,1,914.9300000000001
16217.0,235,2,304.25
16218.0,30,5,1381.98
16221.0,37,3,791.18
16222.0,318,1,846.72
16224.0,57,4,1241.7
16225.0,45,5,1096.32
16226.0,203,3,181.20000000000002
16227.0,225,1,314.22
16229.0,87,2,1010.6
16230.0,190,2,542.03
16232.0,44,4,795.88
16233.0,71,3,536.6800000000001
16235.0,41,5,867.31
16236.0,78,1,432.2
16239.0,57,2,414.2
16240.0,24,2,3115.42
16241.0,10,13,2587.71
16242.0,8,7,3580.53
16243.0,34,2,409.1
16244.0,212,2,1522.75
16245.0,24,3,1348.26
16247.0,170,1,84.68
16248.0,62,1,152.94
16249.0,53,5,1425.99
16250.0,261,2,389.44
16253.0,67,2,2207.68
16255.0,17,8,2444.91
16256.0,267,1,169.95000000000002
16257.0,177,1,46.95
16258.0,45,5,3588.01
16260.0,51,1,652.45
16261.0,17,4,746.83
16265.0,9,9,5224.96
16266.0,74,7,861.89
16268.0,71,2,667.65
16270.0,353,1,953.74
16271.0,3,5,1286.2
16272.0,117,1,411.7
16274.0,373,1,357.95
16275.0,197,1,519.07
16276.0,177,1,177.0
16278.0,100,1,566.38
16279.0,21,3,1450.3
16281.0,72,1,121.5
16282.0,340,1,137.7
16283.0,6,5,1546.21
16284.0,31,2,796.13
16287.0,170,1,125.22000000000001
16292.0,122,1,302.25
16293.0,22,10,2248.9900000000002
16295.0,10,4,1267.71
16297.0,269,1,294.34000000000003
16298.0,23,3,598.2
16302.0,127,1,233.22
16303.0,26,3,4073.93
16305.0,139,1,361.21999999999997
16306.0,214,6,585.17
16309.0,106,2,706.57
16311.0,18,2,597.54
16313.0,3,2,237.07
16315.0,331,1,226.37
16316.0,64,8,2917.67
16317.0,120,3,1251.53
16318.0,35,1,304.75
16319.0,218,1,404.40000000000003
16322.0,1,2,326.75
16324.0,128,3,428.68
16325.0,47,3,594.24
16326.0,6,14,3110.96
16327.0,14,6,3469.06
16330.0,18,3,139.41
16332.0,28,7,1543.2
16337.0,37,1,151.05
16338.0,157,1,214.79999999999998
16339.0,284,1,109.95
16340.0,107,1,535.15
16341.0,25,4,1073.87
16342.0,75,4,281.61
16343.0,16,2,370.47999999999996
16344.0,158,1,101.10000000000001
16345.0,44,1,575.41
16347.0,11,2,840.9300000000001
16348.0,32,7,1419.45
16349.0,291,1,53.5
16350.0,21,4,1102.55
16351.0,333,1,153.9
16352.0,18,2,494.44
16353.0,18,16,2761.55
16354.0,63,2,395.8
16356.0,198,3,211.77
16357.0,33,3,658.88
16358.0,1,4,2027.5
16359.0,7,8,960.96
16360.0,5,6,3412.66
16361.0,10,4,896.66
16362.0,32,5,720.73
16363.0,53,1,109.36000000000001
16364.0,12,2,707.04
16365.0,18,8,710.36
16366.0,19,1,327.3
16367.0,37,2,778.93
16368.0,2,2,483.39000000000004
16369.0,18,3,1438.04
16370.0,82,4,1320.56
16372.0,33,2,367.93
16374.0,66,2,473.03000000000003
16376.0,9,2,850.99
16378.0,247,3,362.95
16379.0,4,4,2057.68
16380.0,61,1,142.79
16383.0,75,2,590.24
16384.0,90,2,584.5
16385.0,60,3,555.89
16386.0,29,2,317.2
16387.0,323,1,94.36
16389.0,53,4,1095.51
16392.0,270,1,221.19
16393.0,2,13,3031.09
16394.0,57,5,786.44
16395.0,60,5,1320.58
16398.0,154,2,1552.2
16399.0,19,2,394.65
16400.0,95,1,303.93
16401.0,1,12,2683.04
16402.0,265,2,247.4
16403.0,312,1,177.5
16404.0,70,1,443.05
16405.0,302,2,74.85
16406.0,19,1,163.07
16407.0,13,10,1961.93
16409.0,36,5,1948.24
16411.0,19,2,214.65
16412.0,54,1,151.83
16413.0,57,1,262.2
16414.0,22,2,126.25
16415.0,44,1,201.65
16416.0,26,3,952.4
16418.0,45,3,675.27
16419.0,113,6,835.91
16422.0,17,37,3487.44
16423.0,25,1,285.28
16424.0,191,1,102.96000000000001
16425.0,302,1,302.7
16426.0,2,10,1866.49
16427.0,263,2,166.06
16429.0,106,1,284.55
16430.0,57,1,200.05
16431.0,213,3,567.21
16432.0,64,1,143.4
16433.0,28,1,184.26
16434.0,29,7,1477.25
16438.0,6,5,798.35
16440.0,8,5,3556.67
16441.0,67,2,381.2
16442.0,2,3,595.79
16444.0,46,4,603.67
16445.0,34,1,230.51
16446.0,206,1,2.9
16447.0,136,1,165.41
16448.0,198,1,188.89000000000001
16449.0,198,2,707.69
16450.0,150,1,311.92
16451.0,88,1,266.97
16454.0,45,2,6.9
16455.0,64,7,1841.18
16456.0,99,5,1449.07
16457.0,218,1,161.56
16458.0,3,18,3469.3
16460.0,28,3,807.04
16461.0,178,1,151.42
16462.0,74,3,136.0
16463.0,21,4,1312.48
16464.0,20,3,1256.72
16466.0,34,7,1487.1200000000001
16468.0,74,1,12.5
16469.0,24,4,650.43
16470.0,52,4,725.07
16471.0,275,1,223.95000000000002
16473.0,165,3,316.11
16474.0,7,7,1871.5
16475.0,88,4,502.7
16477.0,64,7,2466.62
16478.0,25,3,300.76
16479.0,10,2,300.83
16480.0,76,1,613.77
16482.0,16,1,167.34
16483.0,192,1,139.35
16484.0,174,2,404.3
16485.0,77,1,363.65
16488.0,33,3,402.0
16491.0,47,1,681.54
16493.0,80,4,1017.5500000000001
16494.0,297,1,723.93
16495.0,3,3,643.61
16496.0,9,3,1548.28
16497.0,50,6,2965.69
16498.0,161,2,100.97
16499.0,360,2,365.45
16500.0,5,6,400.86
16503.0,107,4,1431.93
16504.0,25,1,470.34
16506.0,20,2,90.30000000000001
16509.0,297,1,363.7
16510.0,372,1,248.1
16511.0,22,3,903.46
16513.0,5,4,874.59
16515.0,52,5,1505.03
16516.0,30,1,101.69999999999999
16517.0,277,1,162.7
16518.0,61,2,424.32
16519.0,25,2,215.07999999999998
16520.0,186,3,1046.57
16523.0,2,21,7215.59
16525.0,2,26,6098.49
16526.0,172,1,290.36
16527.0,81,1,228.06
16528.0,4,1,230.37
16529.0,190,1,455.25
16531.0,22,7,1204.87
16533.0,19,3,1016.72
16535.0,5,1,578.63
16536.0,110,1,548.97
16539.0,3,4,1388.81
16542.0,54,1,119.62
16545.0,165,1,101.7
16546.0,291,2,604.75
16549.0,10,10,4093.44
16550.0,109,5,2253.25
16551.0,96,3,525.88
16552.0,243,2,351.89000000000004
16553.0,205,6,1189.74
16554.0,42,3,837.1
16555.0,35,2,285.89
16556.0,67,7,3199.55
16557.0,24,2,236.85
16558.0,1,20,7290.77
16560.0,27,2,841.41
16561.0,6,2,511.12
16563.0,54,1,430.3
16565.0,364,1,35.7
16566.0,15,5,383.38
16567.0,194,2,593.2
16569.0,3,1,124.2
16570.0,15,10,2679.56
16571.0,27,3,1282.67
16572.0,127,3,1009.6
16573.0,85,2,663.61
16574.0,71,1,425.04
16581.0,183,1,105.84
16582.0,113,1,50.099999999999994
16583.0,374,1,233.45
16584.0,80,2,691.88
16586.0,249,1,463.95
16587.0,232,1,225.15
16589.0,71,3,459.24
16591.0,69,1,213.5
16592.0,4,16,3826.58
16593.0,51,2,260.43
16594.0,75,1,181.09
16595.0,61,1,360.16
16596.0,16,2,250.15
16597.0,4,1,44.24
16598.0,286,1,145.04999999999998
16600.0,4,6,710.8
16601.0,41,1,230.76
16602.0,36,1,514.16
16603.0,75,2,478.47
16607.0,18,13,3100.27
16609.0,15,7,5403.7
16610.0,219,1,75.66
16611.0,186,1,129.49
16612.0,33,4,1187.66
16613.0,70,1,618.59
16614.0,183,1,506.19
16616.0,15,2,500.42
16617.0,236,1,91.85
16618.0,31,5,2052.63
16619.0,264,1,226.21
16620.0,4,2,178.96
16621.0,52,4,737.16
16623.0,246,1,129.45
16624.0,81,2,546.59
16625.0,274,1,333.08
16626.0,1,17,3512.74
16627.0,79,1,304.08
16628.0,30,5,2188.05
16629.0,74,2,377.85
16633.0,17,6,2782.3
16634.0,223,2,217.9
16637.0,32,4,1066.51
16638.0,23,10,1518.6000000000001
16639.0,31,3,1257.51
16641.0,106,1,140.38
16642.0,5,2,583.63
16643.0,246,1,446.71000000000004
16644.0,178,2,833.78
16647.0,170,2,174.22
16648.0,43,1,267.26
16650.0,72,1,447.38
16652.0,59,6,3864.45
16653.0,16,2,1212.66
16654.0,141,4,529.87
16655.0,18,6,3324.66
16656.0,22,13,1444.28
16657.0,10,4,853.4
16658.0,368,1,123.24
16659.0,189,1,20.4
16660.0,16,2,205.97
16665.0,362,1,83.2
16666.0,19,1,118.98
16667.0,68,2,570.13
16668.0,15,6,286.56
16669.0,24,3,1370.8700000000001
16670.0,17,11,3968.82
16671.0,36,1,81.75
16672.0,2,17,5017.4
16674.0,55,2,319.61
16676.0,34,4,1592.1200000000001
16678.0,3,12,2668.5099999999998
16679.0,366,1,129.75
16680.0,43,1,183.7
16681.0,78,5,987.34
16682.0,5,5,451.32
16684.0,4,12,3221.04
16685.0,61,2,310.32
16686.0,47,7,2937.43
16688.0,1,4,1181.18
16689.0,76,2,352.52
16690.0,72,2,173.38
16692.0,256,2,158.5
16693.0,69,2,482.01
16696.0,135,4,657.9000000000001
16697.0,241,1,112.75
16700.0,9,13,4971.31
16701.0,9,12,2188.12
16705.0,1,20,8490.17
16706.0,37,3,531.35
16708.0,46,1,656.63
16709.0,85,5,2913.83
16710.0,19,10,2430.54
16711.0,3,4,535.83
16712.0,9,11,3535.45
16713.0,19,15,6108.33
16714.0,219,3,1161.53
16715.0,78,1,99.39999999999999
16716.0,267,1,166.8
16717.0,24,6,3745.58
16718.0,369,1,583.4300000000001
16719.0,15,7,1725.62
16720.0,26,1,141.32
16721.0,262,1,292.47
16722.0,17,13,3271.29
16723.0,91,2,504.19
16725.0,302,7,767.58
16726.0,26,5,1371.58
16727.0,364,1,272.82
16728.0,46,4,1054.67
16729.0,38,21,6747.78
16730.0,52,3,627.87
16732.0,32,1,589.83
16734.0,52,3,600.51
16735.0,79,5,2069.1
16738.0,298,1,3.75
16739.0,177,1,271.59999999999997
16742.0,47,1,464.9
16743.0,29,7,2097.61
16744.0,11,7,1249.92
16745.0,87,17,4518.58
16746.0,5,18,6057.04
16747.0,38,2,665.98
16748.0,18,5,1515.9
16750.0,45,5,623.93
16751.0,31,1,216.01999999999998
16752.0,373,1,207.5
16753.0,58,1,223.92000000000002
16755.0,114,3,1350.19
16756.0,215,1,239.4
16757.0,319,1,106.83000000000001
16758.0,65,1,270.15999999999997
16759.0,8,3,760.75
16761.0,97,1,195.9
16762.0,20,3,1501.38
16763.0,199,1,588.4499999999999
16764.0,4,13,2799.25
16765.0,294,1,34.0
16766.0,273,2,1084.4
16767.0,31,10,4227.11
16768.0,48,3,368.09000000000003
16769.0,260,1,380.39
16770.0,58,5,770.1
16771.0,33,5,2195.09
16773.0,57,1,124.79
16774.0,68,4,590.12
16775.0,10,11,1695.66
16776.0,60,1,388.28
16777.0,80,2,226.35
16778.0,74,2,245.94
16779.0,2,22,7826.88
16780.0,100,2,425.19
16781.0,372,1,311.25
16782.0,10,13,2279.9
16784.0,20,1,107.6
16788.0,123,2,597.48
16789.0,8,1,80.8
16790.0,4,6,1517.18
16791.0,29,7,1721.78
16792.0,282,2,110.38000000000001
16793.0,57,1,243.84
16794.0,1,10,1168.55
16795.0,365,1,414.88
16796.0,89,1,305.62
16800.0,11,1,1161.17
16801.0,163,4,1552.53
16803.0,65,1,332.3
16804.0,23,3,486.99
16805.0,174,2,397.11
16806.0,103,4,801.49
16807.0,143,3,1098.19
16808.0,99,2,261.21999999999997
16809.0,23,5,914.69
16810.0,192,1,309.54
16811.0,5,2,489.23
16812.0,361,1,479.35
16813.0,8,10,1618.82
16814.0,14,21,5808.08
16816.0,103,4,417.06
16817.0,3,9,1515.1100000000001
16818.0,11,11,3275.05
16820.0,96,1,483.69
16823.0,227,1,358.38
16824.0,16,2,460.64
16825.0,39,2,602.38
16826.0,51,1,341.7
16828.0,93,2,128.5
16829.0,157,1,197.22
16830.0,39,1,325.91
16832.0,184,3,199.15
16833.0,1,4,1106.53
16834.0,228,1,413.46
16835.0,128,2,180.85
16836.0,40,2,175.55
16837.0,31,11,3115.3
16838.0,197,2,588.85
16839.0,9,34,7048.59
16841.0,37,6,1692.7
16842.0,101,3,1264.19
16843.0,43,16,7238.47
16846.0,50,1,214.32
16847.0,43,1,193.44
16848.0,53,1,281.42
16849.0,187,1,124.57
16850.0,334,1,317.29
16851.0,4,3,322.28999999999996
16852.0,10,2,144.91000000000003
16855.0,24,2,328.4
16856.0,15,1,35.400000000000006
16858.0,369,1,375.69000000000005
16859.0,145,2,695.43
16861.0,60,2,112.80000000000001
16863.0,31,2,438.88
16866.0,141,3,207.73999999999998
16869.0,23,4,764.64
16871.0,22,6,2812.34
16872.0,77,1,62.7
16873.0,5,6,6443.14
16875.0,67,5,2095.53
16877.0,12,6,853.72
16878.0,84,1,13.3
16880.0,31,7,1498.92
16882.0,67,3,705.12
16883.0,187,2,276.73
16884.0,38,2,399.96
16885.0,15,3,471.51
16887.0,35,1,194.88
16889.0,195,3,1572.79
16891.0,2,5,809.7
16892.0,1,5,525.54
16893.0,367,1,145.93
16895.0,65,1,219.14
16897.0,299,2,289.78
16898.0,26,3,501.97
16899.0,8,6,1240.76
16900.0,17,3,803.25
16902.0,116,1,1607.64
16903.0,29,1,373.24
16904.0,4,16,3505.95
16905.0,5,7,2766.11
16906.0,82,4,478.01
16907.0,29,5,981.65
16909.0,72,1,263.22
16910.0,4,8,1510.06
16912.0,29,11,2496.78
16913.0,290,1,53.44
16914.0,36,1,158.46
16915.0,9,6,621.6800000000001
16916.0,24,2,562.58
16917.0,277,1,192.8
16918.0,49,6,1005.82
16919.0,156,11,2596.45
16921.0,61,1,169.79
16923.0,12,17,6505.29
16924.0,21,3,846.75
16926.0,371,1,230.25
16927.0,276,2,139.85
16928.0,80,17,2003.27
16929.0,4,7,1227.71
16930.0,26,3,361.83
16931.0,5,21,4547.7
16932.0,53,1,161.94
16933.0,1,2,548.11
16934.0,55,2,950.9300000000001
16936.0,26,1,255.84
16938.0,9,4,1872.89
16940.0,52,3,2996.24
16942.0,13,9,1920.59
16943.0,212,3,816.73
16945.0,22,19,4217.9400000000005
16947.0,236,1,375.28
16948.0,139,3,212.9
16949.0,4,6,1244.27
16950.0,57,3,889.2
16951.0,135,3,1212.71
16952.0,109,2,167.61
16953.0,30,1,20.8
16954.0,1,9,1654.1599999999999
16955.0,185,4,477.87
16956.0,18,1,308.74
16957.0,239,2,416.64
16959.0,87,1,117.35000000000001
16960.0,39,3,507.05
16961.0,116,1,234.17
16963.0,187,1,110.55000000000001
16965.0,227,1,141.25
16966.0,45,2,116.05
16967.0,189,1,305.09999999999997
16968.0,4,2,439.43
16969.0,39,3,594.85
16971.0,38,1,357.21
16976.0,267,1,175.2
16978.0,77,1,344.33
16979.0,4,6,1698.88
16980.0,255,2,845.76
16982.0,61,1,384.06
16983.0,13,7,1727.1299999999999
16984.0,88,2,3723.94
16985.0,17,10,4309.64
16986.0,30,1,20.8
16987.0,3,7,1625.05
16988.0,5,1,126.12
16989.0,7,3,110.54999999999998
16992.0,11,5,1561.51
16996.0,30,6,1335.2800000000002
16997.0,288,2,117.0
16998.0,150,3,105.4
16999.0,23,2,305.82
17001.0,1,11,3692.41
17002.0,86,3,1285.05
17004.0,46,2,703.14
17006.0,5,4,781.78
17007.0,51,6,833.21
17010.0,18,1,171.96
17011.0,30,1,270.9
17014.0,8,3,586.33
17015.0,29,3,1792.64
17017.0,3,19,5292.44
17018.0,41,2,889.5
17019.0,11,4,1272.61
17022.0,31,1,71.0
17024.0,45,3,95.85
17025.0,61,3,236.45
17026.0,370,1,33.15
17027.0,79,6,890.29
17030.0,64,1,132.95
17031.0,12,2,317.95
17033.0,86,3,744.96
17034.0,16,3,675.92
17035.0,246,2,412.73
17037.0,88,1,1267.32
17038.0,30,1,112.4
17040.0,138,1,449.73
17041.0,27,3,1004.45
17042.0,3,5,1008.98
17043.0,32,4,1601.18
17045.0,113,3,339.44
17046.0,157,1,296.3
17047.0,85,3,1100.9
17048.0,118,3,862.95
17049.0,3,9,5520.54
17050.0,96,6,3056.44
17051.0,194,1,247.14000000000001
17052.0,28,1,387.19
17053.0,131,1,498.48
17054.0,28,5,1315.53
17058.0,82,3,1159.09
17059.0,30,5,2984.16
17060.0,266,1,50.400000000000006
17061.0,74,9,3138.0499999999997
17062.0,314,4,531.53
17063.0,21,7,1385.9
17064.0,59,3,859.35
17068.0,12,21,4552.14
17069.0,28,9,2709.7000000000003
17070.0,114,1,312.14
17071.0,28,9,2313.03
17073.0,18,4,1432.17
17075.0,18,4,834.12
17076.0,36,3,630.3599999999999
17078.0,36,2,262.28
17079.0,78,1,118.80000000000001
17080.0,22,1,211.29999999999998
17081.0,25,2,290.16
17082.0,33,2,1832.65
17083.0,109,3,1266.7
17084.0,35,2,2566.65
17085.0,123,5,1504.05
17086.0,7,6,1403.8
17088.0,28,4,1991.01
17090.0,4,5,1529.09
17091.0,3,9,3689.52
17092.0,50,4,1672.09
17094.0,322,1,302.0
17095.0,23,3,1297.16
17096.0,15,4,1008.69
17100.0,18,2,948.34
17101.0,30,3,1098.63
17102.0,262,1,25.5
17105.0,159,2,655.78
17107.0,33,6,8124.73
17109.0,29,6,871.0
17110.0,165,1,163.29999999999998
17111.0,47,1,208.89000000000001
17114.0,6,8,808.62
17115.0,8,3,805.1
17117.0,288,1,116.19999999999999
17118.0,318,1,157.02
17119.0,3,2,588.19
17120.0,233,1,307.46
17122.0,119,1,138.32
17123.0,162,1,263.7
17124.0,185,1,298.89
17125.0,50,1,243.83
17126.0,152,5,984.71
17128.0,335,1,157.09
17131.0,5,5,2381.57
17133.0,16,3,32.400000000000006
17134.0,107,2,425.0
17135.0,16,7,805.77
17138.0,276,1,380.5
17139.0,16,12,9193.07
17140.0,247,1,152.12
17142.0,239,1,579.0
17144.0,1,2,898.53
17146.0,106,3,749.78
17147.0,23,4,1635.8700000000001
17148.0,52,1,124.88
17152.0,195,3,408.8
17153.0,24,1,213.78
17154.0,75,1,299.1
17155.0,18,2,112.5
17157.0,8,2,319.0
17158.0,32,3,1176.97
17159.0,22,3,1536.0
17160.0,31,6,3403.47
17162.0,29,10,1715.46
17163.0,22,2,293.1
17164.0,33,7,2467.35
17165.0,284,1,158.68
17166.0,39,2,206.34
17169.0,58,2,820.66
17171.0,289,1,224.91
17172.0,79,1,224.28
17173.0,5,8,3674.8
17174.0,218,1,59.9
17175.0,44,4,1225.53
17176.0,202,1,224.53
17179.0,178,3,711.79
17180.0,56,4,749.47
17181.0,57,1,84.39999999999999
17183.0,8,6,2547.81
17187.0,227,1,154.14999999999998
17188.0,11,7,1965.91
17189.0,106,2,384.40000000000003
17190.0,59,2,423.74
17191.0,28,7,2009.21
17193.0,36,7,1088.8600000000001
17194.0,274,2,175.62
17197.0,30,1,1013.01
17198.0,24,3,631.02
17201.0,54,1,155.73
17203.0,36,6,1007.01
17204.0,175,4,1352.16
17205.0,54,1,20.5
17206.0,53,1,204.24
17211.0,27,8,2264.18
17212.0,253,1,3.95
17213.0,40,7,2751.35
17214.0,60,6,1069.1200000000001
17217.0,234,1,113.5
17218.0,4,10,1896.88
17219.0,32,1,114.23
17220.0,24,14,3162.13
17221.0,7,2,258.81
17222.0,65,1,354.15
17223.0,310,2,426.79
17226.0,309,1,169.69
17227.0,19,6,449.36
17228.0,16,8,1848.85
17229.0,96,2,318.76
17230.0,264,6,2311.0499999999997
17231.0,12,10,3127.52
17232.0,3,2,421.52
17233.0,35,1,164.32
17234.0,183,1,149.89000000000001
17235.0,25,2,500.56
17236.0,13,6,834.53
17237.0,11,2,314.69
17238.0,3,17,3717.35
17239.0,313,1,382.5
17242.0,108,2,915.04
17243.0,1,26,7596.6900000000005
17244.0,53,1,532.53
17245.0,205,1,171.45
17247.0,15,1,282.19
17248.0,120,1,277.85
17250.0,4,2,384.52
17251.0,363,1,283.28000000000003
17252.0,117,2,353.86
17253.0,18,1,178.26
17254.0,5,2,249.04
17255.0,41,2,286.23
17256.0,107,2,150.29999999999998
17259.0,148,2,590.77
17262.0,52,3,399.76
17263.0,208,1,63.440000000000005
17265.0,139,2,562.9
17266.0,2,3,310.64
17267.0,127,2,250.12
17268.0,150,1,35.0
17272.0,46,3,1972.17
17274.0,35,1,85.42
17277.0,228,2,1065.3500000000001
17278.0,241,1,246.04
17279.0,58,1,111.33
17282.0,174,2,429.75
17284.0,60,6,1608.18
17286.0,22,1,153.92
17287.0,26,7,1004.11
17288.0,9,6,946.45
17289.0,32,3,944.41
17290.0,4,2,513.72
17293.0,8,9,1551.89
17295.0,29,3,527.07
17297.0,17,1,131.78
17298.0,101,2,286.58
17299.0,12,4,544.75
17301.0,21,1,197.63
17302.0,15,5,1135.63
17303.0,361,1,250.04
17306.0,11,3,109.92
17309.0,95,1,82.75
17311.0,78,2,1015.09
17312.0,155,2,104.30000000000001
17313.0,31,1,577.8000000000001
17314.0,25,8,2256.04
17315.0,2,38,5070.17
17320.0,100,3,1146.98
17321.0,8,2,685.74
17323.0,15,7,921.07
17324.0,18,4,493.59000000000003
17325.0,280,1,96.8
17329.0,14,2,523.11
17330.0,23,2,273.9
17331.0,124,1,175.2
17333.0,86,1,479.13
17334.0,302,2,215.82
17337.0,151,4,2004.47
17338.0,17,8,6606.75
17339.0,94,2,199.20000000000002
17340.0,30,11,10434.05
17341.0,157,3,700.72
17343.0,355,1,193.64
17344.0,46,1,160.57
17345.0,15,4,465.74
17346.0,4,15,2669.72
17348.0,15,5,1026.08
17349.0,179,1,68.25
17350.0,8,4,1074.75
17351.0,36,3,587.15
17354.0,51,1,56.690000000000005
17356.0,312,1,178.22
17357.0,24,2,388.14
17358.0,303,2,365.85
17359.0,11,1,84.3
17360.0,17,3,585.79
17361.0,49,3,488.2
17362.0,239,2,312.23
17364.0,1,11,4293.14
17365.0,13,8,4087.33
17367.0,238,1,157.96
17368.0,23,7,746.59
17370.0,73,4,415.21999999999997
17371.0,17,3,386.39
17372.0,41,8,1329.0
17373.0,40,4,646.92
17374.0,219,2,495.77
17375.0,199,3,386.66
17376.0,71,2,203.2
17377.0,24,20,4009.12
17379.0,11,1,350.26
17381.0,152,5,632.31
17382.0,65,1,65.4
17383.0,4,1,199.29
17384.0,19,2,122.2
17385.0,15,1,261.11
17386.0,8,3,154.70000000000002
17387.0,20,2,701.47
17388.0,78,2,191.07999999999998
17389.0,1,29,8959.68
17392.0,307,2,457.91
17394.0,219,1,48.349999999999994
17396.0,149,4,493.95000000000005
17397.0,22,2,696.41
17398.0,115,3,653.38
17400.0,126,5,2032.64
17402.0,5,12,1513.4099999999999
17403.0,36,1,281.62
17405.0,1,3,1031.41
17406.0,333,3,2069.22
17408.0,163,1,32.65
17409.0,185,2,771.85
17410.0,16,5,1112.12
17411.0,12,3,765.5
17412.0,3,7,1229.74
17414.0,185,1,28.0
17415.0,79,1,507.84
17416.0,30,6,4930.18
17418.0,42,2,463.46000000000004
17419.0,11,12,4226.57
17420.0,50,3,598.83
17422.0,16,6,1609.85
17423.0,46,2,425.29
17425.0,61,1,688.97
17426.0,8,6,4750.74
17427.0,72,1,100.8
17428.0,1,25,8410.29
17429.0,128,3,468.12
17430.0,33,2,242.36
17431.0,313,1,372.7
17432.0,18,2,365.76
17433.0,88,1,303.15999999999997
17434.0,2,7,2277.42
17436.0,2,2,216.29999999999998
17438.0,254,1,388.45000000000005
17440.0,248,2,22.62
17442.0,37,6,2234.64
17446.0,177,2,120.9
17447.0,40,2,541.53
17449.0,2,7,2520.86
17450.0,11,11,5495.0199999999995
17451.0,1,7,1658.7
17453.0,18,2,486.71999999999997
17454.0,192,4,517.53
17455.0,204,1,131.7
17456.0,365,1,219.62
17457.0,127,4,241.99
17458.0,15,1,316.5
17459.0,43,2,611.94
17460.0,94,6,622.4300000000001
17461.0,23,3,714.2
17462.0,60,2,675.69
17463.0,16,5,1896.41
17464.0,158,1,248.20000000000002
17466.0,10,2,763.28
17468.0,10,2,137.0
17469.0,16,5,1870.97
17470.0,45,5,813.91
17472.0,191,3,710.29
17475.0,79,1,194.37
17480.0,78,1,511.82
17481.0,4,4,1172.31
17483.0,65,3,414.04
17486.0,261,1,396.87
17489.0,59,2,361.52
17490.0,1,7,1556.93
17491.0,1,10,2490.63
17492.0,248,1,374.57
17495.0,8,2,497.56
17496.0,359,1,271.05
17498.0,76,1,235.74
17499.0,290,1,519.8
17500.0,17,3,1138.0
17501.0,221,2,288.6
17502.0,9,4,658.86
17503.0,3,2,548.8100000000001
17504.0,206,9,2377.47
17505.0,161,2,1145.84
17506.0,76,1,302.2
17507.0,262,2,605.58
17509.0,58,8,6115.14
17510.0,25,1,308.48
17511.0,3,28,16521.08
17512.0,51,8,1750.91
17513.0,72,1,140.39999999999998
17514.0,128,1,208.65
17515.0,31,4,639.02
17516.0,15,5,754.16
17517.0,309,1,153.94
17519.0,17,6,1288.6000000000001
17520.0,54,1,532.89
17521.0,30,3,704.49
17522.0,2,5,710.71
17523.0,11,2,314.28000000000003
17524.0,361,1,145.0
17525.0,360,1,422.70000000000005
17526.0,5,4,959.5
17527.0,54,4,939.37
17528.0,1,8,3543.16
17530.0,1,10,2338.92
17531.0,190,1,296.7
17534.0,54,1,223.36
17535.0,280,1,164.4
17536.0,177,1,76.5
17537.0,30,2,797.06
17538.0,26,1,92.66
17540.0,25,2,578.9
17542.0,270,1,170.75
17545.0,43,3,632.28
17548.0,234,1,103.3
17549.0,24,2,64.14
17550.0,197,3,267.16
17551.0,359,1,306.84
17552.0,60,4,879.17
17554.0,1,5,1421.01
17555.0,20,2,483.26
17556.0,206,1,82.9
17557.0,14,3,541.46
17560.0,155,3,373.07
17561.0,19,1,152.5
17562.0,14,7,1078.82
17564.0,24,3,454.01
17566.0,8,2,901.21
17567.0,7,8,2972.02
17569.0,332,1,330.7
17571.0,50,3,1411.15
17572.0,71,4,226.75000000000003
17573.0,29,3,336.44
17574.0,243,1,185.65
17576.0,8,19,3497.1
17578.0,218,1,96.3
17579.0,5,3,448.90000000000003
17580.0,253,3,215.72
17581.0,1,25,9004.86
17582.0,236,1,115.27
17584.0,7,2,907.1
17585.0,109,4,914.71
17588.0,100,2,579.6
17589.0,60,4,2194.97
17590.0,2,3,1463.74
17591.0,73,7,2150.37
17593.0,4,5,3312.06
17594.0,85,2,993.18
17595.0,12,2,388.79
17596.0,23,7,1358.18
17597.0,214,1,1430.19
17600.0,18,1,147.63
17601.0,239,1,108.45
17602.0,2,6,4513.33
17603.0,78,1,394.72
17604.0,217,2,298.92
17608.0,33,2,193.42
17609.0,41,5,1105.3799999999999
17611.0,7,15,3879.22
17612.0,53,6,1827.89
17613.0,23,14,4369.07
17614.0,57,1,390.07
17615.0,130,3,240.8
17618.0,6,3,971.58
17619.0,312,1,218.52
17620.0,60,1,81.44
17621.0,21,3,757.7
17623.0,33,1,527.0500000000001
17624.0,15,2,843.48
17625.0,18,4,2047.0
17628.0,81,1,75.75
17629.0,6,8,1554.32
17630.0,170,2,503.59999999999997
17631.0,2,3,521.49
17633.0,31,4,1324.84
17634.0,36,9,2361.9700000000003
17636.0,19,1,285.56
17637.0,31,2,547.0600000000001
17639.0,276,1,108.5
17640.0,87,1,114.3
17642.0,120,2,667.29
17643.0,373,1,101.55
17644.0,1,11,2595.16
17646.0,219,3,1008.39
17647.0,65,1,133.06
17648.0,61,4,1797.5
17649.0,138,1,868.49
17650.0,21,1,166.08
17651.0,12,10,3766.88
17652.0,25,12,4673.32
17653.0,37,4,751.32
17654.0,277,1,117.55
17655.0,11,7,2196.54
17656.0,73,5,1556.25
17658.0,26,2,268.21999999999997
17659.0,17,12,2898.66
17660.0,141,1,196.0
17663.0,26,7,1802.91
17664.0,19,2,563.84
17666.0,4,2,136.08
17667.0,66,5,2021.27
17668.0,1,2,347.75
17669.0,43,7,880.52
17670.0,228,1,205.7
17671.0,16,4,1326.79
17672.0,50,2,2682.17
17673.0,1,6,1421.4
17674.0,74,2,271.32
17675.0,1,31,16944.8
17676.0,4,6,1324.6000000000001
17677.0,2,25,4015.09
17678.0,264,1,298.11
17679.0,53,2,1520.51
17680.0,24,1,184.4
17682.0,10,6,2444.09
17684.0,44,1,239.41
17685.0,17,7,2598.91
17686.0,7,7,5600.9800000000005
17690.0,30,15,4708.87
17691.0,358,2,290.40000000000003
17692.0,127,4,626.9399999999999
17693.0,137,1,200.47
17694.0,142,1,251.92000000000002
17695.0,132,2,607.94
17696.0,38,8,1973.8300000000002
17697.0,236,1,338.95
17698.0,261,1,154.95
17700.0,17,4,2266.44
17701.0,253,1,417.95
17702.0,30,4,1033.49
17703.0,35,3,798.74
17704.0,169,2,803.59
17705.0,3,9,1823.52
17706.0,4,17,9895.73
17707.0,185,2,50.400000000000006
17708.0,188,2,267.08
17709.0,170,1,137.45
17711.0,11,2,385.1
17712.0,45,1,522.91
17714.0,321,1,153.0
17716.0,29,10,4717.59
17718.0,232,1,139.35
17719.0,38,15,5002.92
17720.0,26,4,1084.74
17722.0,96,4,1947.16
17723.0,173,2,163.9
17724.0,71,3,1033.0
17725.0,16,11,3198.48
17727.0,15,1,1060.25
17728.0,4,3,2841.93
17730.0,3,13,4206.18
17731.0,79,4,1240.11
17732.0,373,1,303.97
17733.0,39,2,635.31
17734.0,54,3,686.71
17735.0,2,19,12521.18
17736.0,9,3,377.44
17737.0,9,2,137.64000000000001
17738.0,19,4,1825.61
17739.0,12,7,2197.35
17742.0,113,2,355.11
17744.0,4,6,1613.26
17746.0,240,1,110.25
17747.0,113,1,71.4
17749.0,178,2,655.8
17750.0,5,9,1176.62
17754.0,1,5,1090.16
17757.0,1,30,4975.5
17758.0,19,8,3456.7000000000003
17759.0,17,3,726.99
17760.0,22,2,226.75
17761.0,33,1,520.54
17763.0,263,1,15.0
17764.0,51,2,818.8199999999999
17765.0,159,3,371.88
17767.0,15,1,271.2
17768.0,8,3,1890.04
17769.0,13,10,3811.18
17770.0,199,5,1061.67
17771.0,57,2,245.81
17772.0,11,2,182.77
17774.0,97,4,1196.37
17775.0,255,1,56.4
17777.0,25,3,665.86
17779.0,21,3,651.01
17781.0,159,2,188.02
17783.0,72,2,283.47
17785.0,53,1,131.94
17786.0,85,2,263.62
17787.0,153,4,1824.39
17788.0,130,1,16.7
17789.0,281,1,225.9
17790.0,27,14,1907.55
17791.0,30,1,106.1
17793.0,25,1,264.72
17795.0,180,2,328.43
17796.0,40,4,697.9
17797.0,22,3,780.43
17799.0,22,10,3009.21
17800.0,37,9,1016.61
17802.0,82,3,1224.92
17805.0,74,1,211.83
17806.0,11,1,445.11
17809.0,16,4,1073.8500000000001
17811.0,4,39,6670.34
17812.0,13,4,732.16
17813.0,14,5,1747.48
17816.0,37,4,36.56
17817.0,4,3,387.68
17819.0,72,7,1502.61
17824.0,51,1,235.84
17827.0,5,5,1898.74
17830.0,2,3,398.7
17831.0,33,1,35.400000000000006
17832.0,50,1,148.53
17835.0,3,3,303.84
17836.0,47,1,110.21000000000001
17837.0,42,8,1593.38
17838.0,27,5,2410.66
17839.0,42,1,338.8
17841.0,2,123,39264.81
17843.0,303,1,205.48
17846.0,85,1,2033.1
17848.0,81,8,732.3199999999999
17849.0,218,4,523.3000000000001
17850.0,372,34,5391.21
17852.0,12,2,114.34
17854.0,185,2,311.26
17855.0,373,1,208.97
17856.0,2,3,158.75
17857.0,4,3,475.0
17858.0,6,10,3493.06
17859.0,305,1,124.81
17860.0,369,1,252.8
17861.0,3,8,1947.16
17862.0,324,1,330.9
17863.0,59,6,2993.44
17864.0,13,3,548.78
17865.0,31,20,8319.32
17866.0,143,1,194.65
17867.0,30,5,293.97
17869.0,107,5,428.18
17870.0,2,11,1475.43
17871.0,205,1,131.42000000000002
17873.0,80,5,1212.84
17874.0,185,6,673.02
17877.0,170,1,237.61
17878.0,44,1,264.73
17879.0,174,1,178.51999999999998
17880.0,365,1,435.52
17881.0,304,1,133.35000000000002
17883.0,3,4,671.77
17884.0,4,4,578.05
17885.0,12,1,190.19
17886.0,32,3,675.51
17887.0,129,1,111.35
17888.0,60,6,547.77
17889.0,212,2,203.87
17890.0,323,2,586.97
17891.0,162,1,203.85999999999999
17892.0,57,2,152.3
17893.0,225,1,91.25
17894.0,72,8,1119.81
17895.0,44,1,91.16
17897.0,173,3,566.6
17898.0,85,2,138.14
17899.0,159,1,128.44
17900.0,190,2,112.19999999999999
17901.0,29,1,110.38
17904.0,21,1,191.67
17905.0,157,3,390.99
17906.0,247,1,72.9
17908.0,374,1,237.4
17911.0,9,1,336.35
17912.0,310,5,300.93
17913.0,59,2,358.24
17914.0,4,1,273.55
17917.0,45,3,341.28
17919.0,88,1,854.28
17920.0,4,17,4092.62
17921.0,64,4,826.52
17924.0,12,4,898.98
17926.0,133,2,329.13
17928.0,45,2,184.46
17929.0,11,3,571.0
17930.0,36,5,707.4
17931.0,134,2,317.4
17932.0,29,3,1331.57
17934.0,59,1,337.13
17935.0,138,2,145.79
17936.0,5,1,389.84
17937.0,9,5,1473.6
17939.0,160,1,99.14
17940.0,245,1,1867.86
17942.0,8,1,1.9
17946.0,233,2,149.57999999999998
17947.0,37,1,136.68
17949.0,8,6,725.0999999999999
17950.0,72,3,470.6
17951.0,40,3,259.38
17954.0,5,12,2170.96
17955.0,219,3,394.1
17956.0,249,1,12.75
17957.0,66,1,96.25
17958.0,117,1,136.16
17960.0,171,1,73.78
17961.0,21,39,1296.44
17962.0,142,1,92.39
17964.0,32,2,451.54
17965.0,38,14,2596.05
17966.0,151,2,184.93
17967.0,372,1,123.07
17968.0,374,1,277.35
17969.0,166,2,128.0
17970.0,211,1,358.43
17972.0,242,1,136.04
17973.0,52,1,331.28000000000003
17974.0,25,3,733.95
17975.0,15,13,4472.85
17976.0,372,1,353.19
17977.0,29,1,200.54
17978.0,365,1,145.4
17979.0,36,4,684.13
17980.0,166,3,236.65
17984.0,145,1,152.68
17985.0,22,1,625.95
17986.0,56,1,20.8
17987.0,185,1,123.92999999999999
17988.0,12,7,201.12
17990.0,237,3,585.84
17991.0,225,2,93.35
17994.0,122,4,583.33
17995.0,282,1,23.6
17997.0,74,8,1519.11
17999.0,37,2,382.06
18001.0,12,2,354.23
18004.0,362,1,169.47
18005.0,4,2,249.72
18006.0,23,1,275.08000000000004
18008.0,70,4,235.42999999999998
18009.0,235,1,257.34
18010.0,257,1,174.8
18011.0,373,1,102.78999999999999
18013.0,155,2,129.81
18014.0,28,1,166.42
18015.0,4,1,120.03
18016.0,32,5,1269.7
18018.0,108,2,122.14
18019.0,52,1,38.45
18022.0,36,1,623.59
18024.0,153,1,94.58
18027.0,99,1,115.31
18030.0,4,2,142.14999999999998
18032.0,334,1,73.5
18033.0,65,1,75.97
18034.0,22,2,347.04
18035.0,36,3,289.34
18036.0,32,3,405.62
18037.0,154,6,70.02
18040.0,19,2,357.20000000000005
18041.0,12,21,3279.49
18042.0,54,1,165.04999999999998
18043.0,25,3,559.51
18044.0,4,10,2088.6
18045.0,45,1,189.4
18048.0,203,2,95.97
18050.0,359,1,74.4
18053.0,71,1,300.02
18055.0,7,10,6604.71
18056.0,288,1,363.65
18058.0,10,1,6.959999999999999
18059.0,23,3,306.46
18061.0,22,10,1675.89
18062.0,173,3,528.4
18064.0,133,1,48.0
18065.0,6,14,2355.51
18066.0,75,1,318.0
18067.0,40,1,396.33
18068.0,289,1,101.69999999999999
18069.0,26,5,2021.55
18071.0,258,2,408.0
18072.0,186,1,247.44
18073.0,114,11,1065.8
18074.0,374,1,298.4
18075.0,23,10,2559.19
18077.0,8,11,2453.55
18078.0,217,2,259.63
18079.0,45,3,610.51
18081.0,36,3,328.33000000000004
18082.0,26,1,655.61
18085.0,330,2,689.95
18086.0,274,1,101.34
18087.0,98,1,852.8
18088.0,61,1,167.67000000000002
18092.0,2,9,4254.22
18093.0,120,2,398.59999999999997
18094.0,82,6,1834.8600000000001
18095.0,312,2,313.65000000000003
18096.0,12,3,871.73
18097.0,8,6,2264.2400000000002
18099.0,127,1,168.31
18101.0,11,2,223.65
18102.0,1,14,6288.55
18104.0,37,1,754.64
18105.0,38,1,113.48000000000002
18106.0,330,1,349.1
18108.0,254,1,271.0
18109.0,2,26,6980.17
18110.0,20,1,236.3
18112.0,12,2,315.97
18114.0,290,1,220.1
18116.0,68,8,1373.57
18117.0,26,1,225.74
18118.0,11,26,5460.7
18119.0,368,1,160.96
18120.0,214,1,111.15
18121.0,149,2,635.6
18122.0,8,6,1776.6200000000001
18123.0,24,2,389.16
18125.0,30,4,1080.71
18126.0,61,1,206.82999999999998
18127.0,19,3,341.89
18129.0,243,1,112.55000000000001
18130.0,15,3,1016.31
18135.0,29,4,206.25
18136.0,63,3,784.33
18138.0,295,1,152.65
18139.0,18,6,3112.86
18142.0,216,1,134.4
18143.0,117,2,1000.16
18144.0,31,11,1324.5500000000002
18145.0,13,4,2826.87
18146.0,141,2,160.35000000000002
18147.0,46,2,147.83999999999997
18149.0,51,3,343.6
18150.0,32,3,566.58
18151.0,135,2,653.35
18154.0,3,2,399.19
18155.0,75,3,351.46
18156.0,13,2,734.94
18158.0,9,2,453.4
18159.0,301,1,530.15
18160.0,57,2,617.26
18161.0,15,5,1550.57
18164.0,37,1,399.65000000000003
18165.0,177,1,177.66
18167.0,23,3,1384.8600000000001
18168.0,176,6,1131.18
18169.0,61,1,202.65
18170.0,33,3,680.71
18171.0,59,5,1121.03
18172.0,31,16,5162.0
18173.0,87,4,884.98
18176.0,358,1,476.35
18177.0,31,6,1279.02
18178.0,129,4,1562.97
18179.0,9,5,1458.49
18180.0,5,6,1675.63
18181.0,24,1,382.8
18183.0,227,2,590.47
18185.0,249,1,304.25
18188.0,15,3,1444.52
18189.0,78,2,1090.24
18190.0,192,2,284.46000000000004
18191.0,262,1,136.4
18192.0,72,1,855.97
18193.0,165,1,243.76
18196.0,95,2,689.13
18198.0,4,17,2262.64
18200.0,106,1,163.8
18202.0,200,3,1396.99
18203.0,157,1,160.42000000000002
18204.0,71,3,1993.7
18205.0,36,2,517.36
18209.0,29,1,139.10000000000002
18210.0,2,6,2419.18
18211.0,26,5,600.07
18212.0,326,1,248.42
18213.0,237,1,232.48000000000002
18215.0,89,1,299.34000000000003
18216.0,31,1,481.75
18217.0,29,2,515.67
18218.0,211,2,299.0
18219.0,3,10,2069.77
18221.0,22,5,985.57
18222.0,93,1,415.72
18223.0,5,14,5952.12
18224.0,264,1,158.95000000000002
18225.0,3,12,4627.16
18226.0,44,11,4594.51
18227.0,218,1,93.75
18228.0,57,2,779.9
18229.0,12,20,5554.5
18230.0,9,7,2032.9
18231.0,192,5,1993.57
18232.0,82,4,592.97
18233.0,326,1,440.0
18235.0,72,3,1640.28
18236.0,30,6,882.24
18237.0,3,5,926.62
18239.0,219,5,1561.6100000000001
18240.0,46,1,125.58000000000001
18241.0,10,17,2073.09
18242.0,72,4,1874.27
18245.0,7,7,2540.18
18246.0,24,2,188.7
18248.0,123,2,783.14
18249.0,17,1,81.66
18250.0,310,1,325.87
18252.0,51,2,526.67
18255.0,89,1,103.3
18257.0,39,8,2219.71
18259.0,25,3,2203.6000000000004
18260.0,173,6,2423.56
18261.0,43,2,324.24
18262.0,140,1,149.48
18263.0,26,3,1042.4
18265.0,72,2,801.51
18268.0,134,1,25.5
18269.0,366,1,168.6
18270.0,38,2,283.15
18272.0,3,6,2877.46
18273.0,2,2,102.0
18274.0,30,1,175.92
18276.0,44,1,312.46000000000004
18277.0,58,1,110.38
18278.0,74,1,173.9
18280.0,278,1,180.60000000000002
18281.0,181,1,80.82
18282.0,8,2,164.13
18283.0,4,16,2094.88
18287.0,43,3,994.76
